codigo,nome,arquivo,tem_foto,origem
1001803,Bicicleta Colli Max Boy A.20 S/M Masculino Amarelo Neon D,(placeholder),nao,-
1001801,Bicicleta Colli Spinossauro Aventuras A.16 S/M Mas C Preto Fosco,(placeholder),nao,-
1581,Bicicleta Trup ARO-20 Vermelha,1581.jpg,sim,s9.chianca.net
1004104,Cadeira Secretaria Giratoria,(placeholder),nao,-
1004036,Cadeira de Escritorio Preta,(placeholder),nao,-
1003840,Cadeira de Escritorio Preta Base Cromada Fort T 1050,(placeholder),nao,-
1004056,Cadeira de Escritorio Preta com Base Preta Fo Rtt 1050S,(placeholder),nao,-
1004188,"Cafeteira de Aluminio 1,4 L",(placeholder),nao,-
1004155,Cafeteira de Aluminio 1.5 L,(placeholder),nao,-
400182,Capa Almof Artelasse 30 Cm x 40 Cm 300 Fios C Ordone Cinza,(placeholder),nao,-
400143,Capa Almof Artelasse Ajour Cinza Steel 30X40C M 400 Fios,400143.jpg,sim,s9.chianca.net
400127,Capa Almof Artelasse Cordone Branco 30X40CM 300 F Ios,400127.jpg,sim,s9.chianca.net
400131,Capa Almof Artelasse Cordone Grafite 30X40CM 300 Fios,400131.jpg,sim,s9.chianca.net
400132,Capa Almof Artelasse Cordone Kaki Areia 30X40 Cm 300 Fios,400132.jpg,sim,s9.chianca.net
400154,Capa Almofada 30 Cm x 40 Cm 400 Fios Ajour Branco,400154.jpg,sim,s9.chianca.net
400158,Capa Almofada 30 Cm x 40 Cm 400 Fios Ajour Kaki Camelo,400158.jpg,sim,s9.chianca.net
586,Capa Protetor P/COLCHAO Solteiro,586.jpg,sim,s9.chianca.net
584,Capa Protetor de Malha L P/COLCHAO Casal UNICA.Ea N :7898475583,584.jpg,sim,s9.chianca.net
100572,Capa Queen Lucena Malha Gel 1.60X2M,(placeholder),nao,-
1002586,Capa Travesseiro Plooma Percal 100% Algodao 50X70 So Ft Plooma,1002586.jpg,sim,s9.chianca.net
1003011,Capa de Colchao com Ziper Solteiro,(placeholder),nao,-
1004192,"Capa de Napa Azul 1,90X65X12 Cm",(placeholder),nao,-
1002031,Capa de Solteiro de Colcho Napa,1002031.jpg,sim,s9.chianca.net
688,Capa para Colchão Impermeavel Slep Dray A58X198X40,688.jpg,sim,s9.chianca.net
40086,"Colcha Milao Color Art Lisa Corttex Casal 2,2 0X2,40 SORT-L",40086.jpg,sim,s9.chianca.net
40085,"Colcha Paris Color Art Corttex Casal 2,20 X2, 40 Sortimento",40085.jpg,sim,s9.chianca.net
1001707,Colcha Tekshine Dupla Face Matelasse Solteiro,1001707.jpg,sim,s9.chianca.net
1004174,Conjunto de Copo de Vidro,(placeholder),nao,-
1004187,Escorredor de Arroz,(placeholder),nao,-
7898757624548,Espelho Guarda Roupa Lorena 2 Un (1355-350-3MM),(placeholder),nao,-
1004153,Frigideira,(placeholder),nao,-
1003939,Fronha Soft Cores Diversas 50 x 70,(placeholder),nao,-
1831,Fronha Tekshine Cores Diversas 50 x 70,(placeholder),nao,-
1002122,Grade de Cama Box Ninos Branca Pequena,1002122.jpg,sim,s9.chianca.net
1002123,Grade de Cama Box Ninos Master Grande Branca,(placeholder),nao,-
40062,Jogo Cama Casal 3 Peças Estamp com Elast Premium Plus 100% Al,(placeholder),nao,-
40058,Jogo Cama Casal Duplo com Elast C Premium Plus 1 00%ALGODAO,(placeholder),nao,-
40059,Jogo Cama Queen Duplo C/ELAST C Premium Plus 10 0% Algodao,(placeholder),nao,-
40057,Jogo Cama Solteiro Duplo com Elast C Premium Plu S 100% Algoda,(placeholder),nao,-
40088,Jogo de Cama Essenciale Corttex Casal Estampado SORT-EST 4,(placeholder),nao,-
40087,Jogo de Cama Essenciale Corttex Solteiro Estampado SORT-ES,(placeholder),nao,-
40090,Jogo de Cama Microtec 200 Fios Corttex Casal Sortimento 6,(placeholder),nao,-
40089,Jogo de Cama Microtec 200 Fios Corttex Solteiro Sortimento,(placeholder),nao,-
1003676,Jogo de Panelas,(placeholder),nao,-
1003675,Jogo de Talheres Peças,(placeholder),nao,-
1379,Kit Acp Espelho Helena (600-400-3MM),(placeholder),nao,-
1001863,Kit Acp Espelho Wanessa (1027-842-3MM),(placeholder),nao,-
1002030,Kit Dohler Colcha Casal 3 Peças 2.20X2.50,(placeholder),nao,-
1105,Kit Espelho 1 Un (50X80),(placeholder),nao,-
1003693,Kit Espelho 2 Un (20X80),(placeholder),nao,-
1002724,Lencol Casal Elastico,(placeholder),nao,-
40061,Lencol Queen AV. Liso Sortido com Elast Premium Plus 100% a,(placeholder),nao,-
1002424,Lençol com Elastico Solteiro com Fronha,(placeholder),nao,-
1002051,Lençol de Elastico Solteiro,(placeholder),nao,-
1002052,Lençol sem Elastico Solteiro Uu,(placeholder),nao,-
1003673,Lona de Napa Metro Uu,(placeholder),nao,-
1004225,Lousa Branca 150X120,(placeholder),nao,-
1003672,Manta Solteiro Microfibra,(placeholder),nao,-
1004165,Napa Impermeavel Metro Uu,(placeholder),nao,-
1004189,"Panela Aluminio 3,2 L",(placeholder),nao,-
1004154,Panela Pressao 6 L,(placeholder),nao,-
1003671,Panela Pressao Panelux 4.5LT,1003671.jpg,sim,s9.chianca.net
1004156,Panela de Cozimento,(placeholder),nao,-
400146,Pillow Top Artelasse Casal Sublime,(placeholder),nao,-
400148,Pillow Top Artelasse King Sublime,(placeholder),nao,-
400147,Pillow Top Artelasse Queen Sublime,(placeholder),nao,-
1004391,Prato Fundo Azul,(placeholder),nao,-
1004173,Prato Fundo Branco,(placeholder),nao,-
1001666,Puff Cherry Redondo 55X40 TEC. Marrom 9,(placeholder),nao,-
1003279,Puff Cherry Redondo 55X40 TEC. Pavemont 8,(placeholder),nao,-
1002391,Recamier Bau Tekshine Casal 45CMX138MX40CM Bege,(placeholder),nao,-
1003993,Recamier Bau Tekshine Casal 45CMX138MX40CM Preto,(placeholder),nao,-
8006,Recamier Bau Tekshine Casal 45CMX138X40 Cm,8006.jpg,sim,s9.chianca.net
1002655,Recamier Bau Tekshine Casal 45CMX138X40 Cm Chinchila,(placeholder),nao,-
1002868,Recamier Bau Tekshine Casal 45CMX138X40 Cm Marrom,(placeholder),nao,-
1002528,Recamier Bau Tekshine King 45CMX193MX40CM Bege,(placeholder),nao,-
1003224,Recamier Bau Tekshine King 45CMX193MX40CM Pavemont 8,(placeholder),nao,-
400151,Recamier Bau Tekshine Queem 45CMX158MX40CM Tobaco,(placeholder),nao,-
8008,Recamier Bau Tekshine Queen 45CMX158MX40CM,8008.jpg,sim,s9.chianca.net
1002527,Recamier Bau Tekshine Queen 45CMX158MX40CM Bege,(placeholder),nao,-
1002924,Recamier Bau Tekshine Queen 45CMX158MX40CM Marrom,(placeholder),nao,-
8007,Recamier Bau Tekshine Solt 45CMX88CMX40CM,8007.jpg,sim,s9.chianca.net
1002526,Recamier Bau Tekshine Solt 45CMX88CMX40CM Bege,(placeholder),nao,-
1002654,Recamier Bau Tekshine Solt 45CMX88CMX40CM Caramelo,(placeholder),nao,-
1003294,Recamier Bau Tekshine Solt 45CMX88CMX40CM Linho Marrom,(placeholder),nao,-
1003295,Recamier Bau Tekshine Solt 45CMX88CMX40CM Pavemont 8,(placeholder),nao,-
1003239,Recamier Bau Tekshine Solt 45CMX88X40 Cm Pavemont,(placeholder),nao,-
1002530,Recamier Tekshine King 45CMX193MX40CM Bege,(placeholder),nao,-
1002529,Recamier Tekshine Queen 45CMX158MX40CM Bege,(placeholder),nao,-
1002525,Recamier Tekshine Solt 45CMX88CMX40CM Bege,(placeholder),nao,-
1491,Saia Dohler P/CAMA King AM-3377 Liso 36 Cm + Tampo AM-3378,(placeholder),nao,-
1493,Saia Dohler P/CAMA Queen AM-3377 Liso 36 Cm + Tampo AM-337,(placeholder),nao,-
690,Saia Kacyumara Solteiro 88X188X32 Cm,(placeholder),nao,-
1004242,Suporte para Tv,(placeholder),nao,-
1004204,VARAL Aluminio,(placeholder),nao,-
1002289,Base 138 Bege Bipartida,1002289.jpg,sim,s9.chianca.net
1003884,Base 138 Bipartida Grafite Suede,(placeholder),nao,-
1003940,Base Box 96X203X30 Sued Marfim,(placeholder),nao,-
100807,Base Box Aiam com Aux 88X188X30 Korino Preto,100807.jpg,sim,s9.chianca.net
1001909,Base Box Jb 88X188X30 Corino Bege,(placeholder),nao,-
1004019,Base Box Jb 88X188X30 Suede Preta,(placeholder),nao,-
1002355,Base Box Jb 96X188X30TEC Bege,1002355.jpg,sim,s9.chianca.net
1003872,Base Box Jb 96X203X30 Sued Bege,(placeholder),nao,-
1004157,Base Box Jb 96X203X30 Sued Cinza,(placeholder),nao,-
1001498,Base Box Jb C/AUX 138X188X30 Korino Preto,(placeholder),nao,-
1001069,Base Box Jb C/AUX 88X188 K Bege / Tnt,(placeholder),nao,-
1001797,Base Box Pelmex 79X198X30 Corino Preto,1001797.jpg,sim,s9.chianca.net
1004092,Base Box Probel Ecologico 108X198X30 Cod 19 C V6 Li Pvc,1004092.jpg,sim,s9.chianca.net
1003955,"Base Box Santana 108X198X0,30 Sued Caramelo",(placeholder),nao,-
1003998,Base Box Santana 108X198X030 K Bege,(placeholder),nao,-
1004267,Base Box Santana 108X198X030 Sued Bege,(placeholder),nao,-
1003780,Base Box Santana 128X188X30 Sued Preto,1003780.jpg,sim,s9.chianca.net
400167,Base Box Santana 138X188X30 Sued Bege,400167.jpg,sim,s9.chianca.net
1003620,Base Box Santana 138X188X30 Sued Caramelo,1003620.jpg,sim,s9.chianca.net
1003621,Base Box Santana 138X188X30 Sued Cinza,1003621.jpg,sim,s9.chianca.net
1002042,Base Box Santana 138X188X30 Tec Marfin,(placeholder),nao,-
1004307,Base Box Santana 69X188X30 Sued Bege,(placeholder),nao,-
1003771,Base Box Santana 69X188X30 Sued Cinza,1003771.jpg,sim,s9.chianca.net
1004268,Base Box Santana 78X188X30 Sued Bege,(placeholder),nao,-
1003781,Base Box Santana 78X188X30 Sued Preto,1003781.jpg,sim,s9.chianca.net
400168,Base Box Santana 79X198X30 Sued Bege,400168.jpg,sim,s9.chianca.net
400165,Base Box Santana 79X198X30 Suede Cinza,400165.jpg,sim,s9.chianca.net
1002188,Base Box Santana 79X198X30 Voga Bege,(placeholder),nao,-
1002187,Base Box Santana 79X198X30 Voga Br,(placeholder),nao,-
1002039,Base Box Santana 79X198X30 Voga Marfim,(placeholder),nao,-
1002044,Base Box Santana 79X198X30 Voga Marrom,(placeholder),nao,-
400169,Base Box Santana 88X188X30 Sued Bege,400169.jpg,sim,s9.chianca.net
400166,Base Box Santana 88X188X30 Sued Cinza,400166.jpg,sim,s9.chianca.net
1002046,Base Box Santana 88X188X30 Voga Branca,(placeholder),nao,-
1002352,Base Box Santana 96X203X30 Sued Bege,1002352.jpg,sim,s9.chianca.net
1003619,Base Box Santana 96X203X30 Sued Cinza,(placeholder),nao,-
1003623,Base Box Santana 96X203X30 Sued Preto,1003623.jpg,sim,s9.chianca.net
1002048,Base Box Santana 96X203X30 Voga Br,(placeholder),nao,-
1003153,Base Box Santana C/AUX Pocket 79X198X30 K Preto,(placeholder),nao,-
1002049,Base Box Santana C/AUX Pocket 88X188X30 Voga Bege,(placeholder),nao,-
1002050,Base Box Santana C/AUX Pocket 88X188X30 Voga Preto,(placeholder),nao,-
200826,Base Box Softflex 138X188X027 Marfim,(placeholder),nao,-
1003252,Base Box Softflex 158X188X027 Marfim,(placeholder),nao,-
1002109,Base Box Somie Ecoflex Branco Eco 128x188,(placeholder),nao,-
60047,Base Cali 188X138X30 Bege,(placeholder),nao,-
60049,Base Cali 198X158X30 Bege,(placeholder),nao,-
400205,"Base Campina Ripada 1,38X1,88X30 Bege",(placeholder),nao,-
200609,"Base Campina Ripada 1,38X1,88X30 Grafite",(placeholder),nao,-
100728,"Base Campina Ripada 158X1,98X30 Bege",(placeholder),nao,-
1002047,Base Campina Ripada 88X188X30 Cacau,(placeholder),nao,-
400206,Base Campina Ripada Bege 088X188X030,(placeholder),nao,-
100735,Base Campina Ripada Cacau 128X188X030,(placeholder),nao,-
100704,Base Campina Ripada Grafite 088X188X030,(placeholder),nao,-
100717,Base Campina Ripada Grafite 128X188X030,(placeholder),nao,-
1002562,Base Eurosono Amsterda 88X188X25CM (38),(placeholder),nao,-
7899376427596,Base Gazin Suede Marrom 138X188X27,(placeholder),nao,-
1001685,Base Jb Corino Preta 138X188X45,(placeholder),nao,-
1004030,Base Jm 138X188X030 Cm Grafite,(placeholder),nao,-
100845,Base Jm 138X188X30 Cm Bege,100845.jpg,sim,s9.chianca.net
100802,Base Jm 158X188X30 Cm Bege,(placeholder),nao,-
1001120,Base Jm 158X188X30 Cm Grafite,(placeholder),nao,-
60045,Base Jm 88X188X30 Bege,(placeholder),nao,-
1004064,Base Jm 88X188X30 Grafit,(placeholder),nao,-
100917,Base Probel 158X198X30 Tec Bege,(placeholder),nao,-
200568,Base Santa Cama Grafite Jp 158X198X30,(placeholder),nao,-
100956,Base Solteiro Jb 078X188 X030 Bege,(placeholder),nao,-
1004211,Base Tekshine Top Casal 138X188X30CM Grafite,(placeholder),nao,-
1002979,Base Tekshine Top Casal 138X188X35CM Bege,(placeholder),nao,-
1003562,Base Tekshine Top Casal 138X188X35CM Preto,1003562.jpg,sim,s9.chianca.net
600212,Base Titanio Costa Rica 198X198X030 Cm Grafite,(placeholder),nao,-
1003341,Base Topazio Donatello 138X188X20 Cm,(placeholder),nao,-
1004376,Base Topazio Luna 138X188X30 Cm,(placeholder),nao,-
1004213,Base Topazio Luna 138X188X30 Cm Bege,(placeholder),nao,-
1004055,Base Topazio Luna 138X188X30 Cm Linho Bege,(placeholder),nao,-
1004016,Base Topazio Luna 158X198X30 Cm Linho Bege,(placeholder),nao,-
600120,Base Topazio Madri 138X188X30 Cm Bege,(placeholder),nao,-
2001095,Base Topazio Stylus 088X188X030 Cm Bege Qq,2001095.jpg,sim,s9.chianca.net
1001645,Base Topazio Stylus 088X188X030 Cm Grafite Uu,1001645.jpg,sim,s9.chianca.net
2001096,Base Topazio Stylus 138X188X030 Cm Bege Qq,2001096.jpg,sim,s9.chianca.net
1001568,Base Topazio Stylus 138X188X030 Cm Grafite,1001568.jpg,sim,s9.chianca.net
1004094,Base Topazio Stylus 138X188X030 Cm Linho Bege,(placeholder),nao,-
1004095,Base Topazio Stylus 138X188X030 Cm Linho Chum Bo,(placeholder),nao,-
1001109,Base Topazio Stylus 138X188X030 Preta,(placeholder),nao,-
1001457,Base Topazio Stylus 158X198X030 Cm Bege Qq,1001457.jpg,sim,s9.chianca.net
1001720,Base Topazio Stylus 158X198X030 Cm Grafite,1001720.jpg,sim,s9.chianca.net
1001441,Base Topazio Stylus 158X198X030 Cm Preta,1001441.jpg,sim,s9.chianca.net
1004090,Base Topazio Stylus 88X188X030 Cm Linho Bege,(placeholder),nao,-
1004091,Base Topazio Stylus 88X188X030 Cm Linho Chumb o,(placeholder),nao,-
1003220,Base Voga Branca 138X188X35,1003220.jpg,sim,s9.chianca.net
1002130,Bau Box Santana 69X188X035 Korino Bege / Tnt,1002130.jpg,sim,s9.chianca.net
1003401,Bau Personale Corino Interno Bege 138X188X40,(placeholder),nao,-
1003421,Bau Personale Corino Interno Bege 79X198X40,(placeholder),nao,-
5005,Bau Personale Corino Interno Cinza 138X188X40,(placeholder),nao,-
1003416,Bau Personale Corino Interno Cinza 79X198X40,(placeholder),nao,-
1003422,Bau Personale Corino Interno Cinza 96X203,(placeholder),nao,-
1003415,Bau Personale Corino Interno Preta 138X188X40,1003415.jpg,sim,s9.chianca.net
1003417,Bau Personale Corino Interno Preto 79X198X40,(placeholder),nao,-
100958,Bau com Aux Mola 88X188X50 Voga Bege,(placeholder),nao,-
1682,Bese Box Ps Canada Preto SUEDE- 30X188X138,(placeholder),nao,-
1004262,Box Aux Santana Pocket 88X188X30 Kor Bege,(placeholder),nao,-
1004269,Box Aux Santana Pocket 88X188X30 Kor Preto,(placeholder),nao,-
1001068,Box Bau 128X188X35 Kor Branco,(placeholder),nao,-
1002418,Box Bau Probel Standard Bege 138MX188MX34CM C Od 03B C02,1002418.jpg,sim,s9.chianca.net
1002421,Box Bau Probel Standard Bege 79CMX198MX34CM C Od 03B C02,1002421.jpg,sim,s9.chianca.net
1002415,Box Bau Probel Standard Bege 88CMX188MX34CM C Od 03B C02,1002415.jpg,sim,s9.chianca.net
1001992,Box Bau Probel Standard Bege 96X203 Cm Cod 03 B,(placeholder),nao,-
1002417,Box Bau Probel Standard Preto 138MX188MX34CM Cod 03B Ccb,(placeholder),nao,-
1004060,"Box Bau Probel Standard Preto 138X1,88MX34 Co D 18 Cby Teci",(placeholder),nao,-
1002420,Box Bau Probel Standard Preto 79CMX198MX34CM Cod 03B Ccb,1002420.jpg,sim,s9.chianca.net
1002414,Box Bau Probel Standard Preto 88CMX188MX34CM Cod 03B Ccb,1002414.jpg,sim,s9.chianca.net
1002898,Box Bau Probel Standard Preto 96X203 Cm Cod 0 3B,(placeholder),nao,-
1002353,Box Bau Santana 138X188X35 Kor Bege / Tnt Int,1002353.jpg,sim,s9.chianca.net
1001602,Box Bau Santana 138X188X35 Kor Preto com Tnt,1001602.jpg,sim,s9.chianca.net
1002189,Box Bau Santana 138X188X35 Liso Bege,1002189.jpg,sim,s9.chianca.net
1003447,Box Bau Santana 138X188X35 Seude Bege / Tnt I Nt,(placeholder),nao,-
1003788,Box Bau Santana 138X188X35 Sued Cinza,1003788.jpg,sim,s9.chianca.net
1002041,Box Bau Santana 138X188X35 Voga Preto,1002041.jpg,sim,s9.chianca.net
100928,Box Bau Santana 79X198X35 K Bege / Tnt Int,100928.jpg,sim,s9.chianca.net
100970,Box Bau Santana 79X198X35 K Preto,100970.jpg,sim,s9.chianca.net
1002571,Box Bau Santana 79X198X35 Voga Bege,1002571.jpg,sim,s9.chianca.net
1002290,Box Bau Santana 79X198X35 Voga Marrom,(placeholder),nao,-
1003450,Box Bau Santana 79X198X35 Voga PT/ Tnt,1003450.jpg,sim,s9.chianca.net
1002354,Box Bau Santana 88X188X35 K Bege / Tnt,1002354.jpg,sim,s9.chianca.net
1003668,Box Bau Santana 88X188X35 K Br /TNT,1003668.jpg,sim,s9.chianca.net
100835,Box Bau Santana 88X188X35 K Preto,100835.jpg,sim,s9.chianca.net
1003451,Box Bau Santana 88X188X35 Voga BG/TNT,(placeholder),nao,-
1002288,Box Bau Santana 88X188X35 Voga Preto / Tnt,1002288.jpg,sim,s9.chianca.net
1004270,Box Bau Santana com Aux Pocket 88X188X42 Sued Bege /TNT Int,(placeholder),nao,-
1003984,Box Bau Satana 128X188X35 Kor Bege /TNT,(placeholder),nao,-
1002244,Box Baú Santana 78X188X35 Cm Bege,1002244.jpg,sim,s9.chianca.net
7899486358025,Box Probel Ecologico Li 138X188X30CM Cod 19,7899486358025.jpg,sim,s9.chianca.net
7899486358018,Box Probel Ecologico Li 79CMX198MX30CM Cod 19,(placeholder),nao,-
7899486373868,Box Probel Ecologico Li 96CMX203MX30CM Cod 19,(placeholder),nao,-
40097,"Box Probel S Liso 30cmX1,88mX1,38m Cod 18 Cby",(placeholder),nao,-
1004359,"Box Santana 1,08 x 1,88 x 30 Sued Bege",(placeholder),nao,-
1003399,Colchão Softflex God Relax 138X188X30,(placeholder),nao,-
1001848,"Conjunto Pelmex Bau Colchao com Aux One Mola 56cmX1,88mX88",(placeholder),nao,-
7908548401941,Beliche Conquista Indy CNMM/OFW,(placeholder),nao,-
100761,Beliche Ferrit Tubo Solteiro 78X188 Preto Uu,100761.jpg,sim,s9.chianca.net
1002754,Beliche Kasper RETO304 Nogal 0.80X190X152 Xx,1002754.jpg,sim,s9.chianca.net
1002169,"Beliche Kasper Reto 304.1 Castanho 0,90",1002169.jpg,sim,s9.chianca.net
7890000100564,"Beliche Kasper Reto 306 Castanho 0,80",7890000100564.jpg,sim,s9.chianca.net
7890000100557,"Beliche Kasper Reto 306 Nogal 0,80 Uu",7890000100557.jpg,sim,s9.chianca.net
1004395,Beliche Kasper Reto Nogal,(placeholder),nao,-
1037,Beliche Kasper Reto Pinus Castanho 78,1037.jpg,sim,s9.chianca.net
1004313,Berco Mini Cama Tigus Soninho BRANCO/AMADEIRA do,1004313.jpg,sim,s9.chianca.net
1004312,Berco Mini Cama Tigus Soninho Branco,1004312.jpg,sim,s9.chianca.net
1001934,Miniberco Soma Tigus - Branco Neve,1001934.jpg,sim,s9.chianca.net
1003953,CONJ.MESA Teixeira Marica 4 CAD. Grafite Fn P Reto Fosco Gr,(placeholder),nao,-
1001105,"Cabeceira Aiam Sued 0,90 x 1,24 Marfim",(placeholder),nao,-
1001107,"Cabeceira Aiam Sued 0,90 x 1,24 Marrom",1001107.jpg,sim,s9.chianca.net
1003251,"Cabeceira Aiam Sued 1,38 x 1,24 Marrom",1003251.jpg,sim,s9.chianca.net
1001282,"Cabeceira Aiam Sued 1,60 x 1,24 Caramelo",(placeholder),nao,-
1001102,"Cabeceira Aiam Sued 1,60 x 1,24 Marrom",1001102.jpg,sim,s9.chianca.net
1001828,"Cabeceira Bordada Queen 12CMX1,60MX1,20M Verde",(placeholder),nao,-
1001821,"Cabeceira Bordada Solt 12CMX1,20MX90CM Verde",(placeholder),nao,-
20071,Cabeceira Captone Corino Preta 88X,(placeholder),nao,-
40040,Cabeceira Eurosono Fenix 088X124X08 Cm - Vinho,(placeholder),nao,-
1002254,Cabeceira Eurosono Fenix 158X124X08 Cm - Tita Nio,(placeholder),nao,-
1001929,Cabeceira Kappesberg ESTOF. Cacau 160 X120 A0 27,(placeholder),nao,-
4005,"Cabeceira Pelmex Michigan 0,92 Cod 120 Cdk Cinza",(placeholder),nao,-
4009,"Cabeceira Pelmex Michigan 1,42 Cod 120S Cdz Bege",(placeholder),nao,-
40010,"Cabeceira Pelmex Michigan 1,62 Cod 120 Cdi Cafe",(placeholder),nao,-
1003052,Cabeceira Tekshine Cap Corino Solt 90X12CMX11 Cm Preta,(placeholder),nao,-
1002746,Cabeceira Tekshine Captone Casal 140X120X11 Azul,(placeholder),nao,-
1003029,Cabeceira Tekshine Captone Casal 140X120X11 C Hinchila 2,1003029.jpg,sim,s9.chianca.net
1003709,Cabeceira Tekshine Captone Casal 140X120X11 C Inza Paloma 1,1003709.jpg,sim,s9.chianca.net
1003030,Cabeceira Tekshine Captone Casal 140X120X11 Ermine 10,1003030.jpg,sim,s9.chianca.net
1002392,Cabeceira Tekshine Captone Casal 140X120X11 M Arrom 9,1002392.jpg,sim,s9.chianca.net
1002449,Cabeceira Tekshine Captone Casal 140X120X11 P Avemont 8,1002449.jpg,sim,s9.chianca.net
1002666,Cabeceira Tekshine Captone Casal 140X120X11 P Reta 11,1002666.jpg,sim,s9.chianca.net
1002450,Cabeceira Tekshine Captone Casal 140X120X11 Rose 3,1002450.jpg,sim,s9.chianca.net
1002446,Cabeceira Tekshine Captone Casal 140X120X11 S Afari 1,1002446.jpg,sim,s9.chianca.net
1002575,Cabeceira Tekshine Captone Casal 140X120X11 Tobacco 5,(placeholder),nao,-
1003753,Cabeceira Tekshine Captone King 194X120X11 Chinchila 2,1003753.jpg,sim,s9.chianca.net
1002648,Cabeceira Tekshine Captone King 194X120X11 Cinza Paloma 12,(placeholder),nao,-
1002489,Cabeceira Tekshine Captone King 194X120X11 Ermine 10,1002489.jpg,sim,s9.chianca.net
1003816,Cabeceira Tekshine Captone King 194X120X11 Marrom 9,(placeholder),nao,-
1003223,Cabeceira Tekshine Captone King 194X120X11 Pavemont 8,1003223.jpg,sim,s9.chianca.net
1002923,Cabeceira Tekshine Captone King 194X120X11 Preta 11,1002923.jpg,sim,s9.chianca.net
1002447,Cabeceira Tekshine Captone King 194X120X11 Safari 1,(placeholder),nao,-
1002656,Cabeceira Tekshine Captone King 194X120X11 Tobacco 5,(placeholder),nao,-
1003031,Cabeceira Tekshine Captone Queen 160X120X11 C Hinchila 2,1003031.jpg,sim,s9.chianca.net
1003769,Cabeceira Tekshine Captone Queen 160X120X11 C Inza Paloma 1,1003769.jpg,sim,s9.chianca.net
1002428,Cabeceira Tekshine Captone Queen 160X120X11 Ermine 10,1002428.jpg,sim,s9.chianca.net
1002425,Cabeceira Tekshine Captone Queen 160X120X11 M Arrom 9,1002425.jpg,sim,s9.chianca.net
1002427,Cabeceira Tekshine Captone Queen 160X120X11 P Avemont 8,1002427.jpg,sim,s9.chianca.net
1003032,Cabeceira Tekshine Captone Queen 160X120X11 P Reta 11,(placeholder),nao,-
1002570,Cabeceira Tekshine Captone Queen 160X120X11 S Afari 1,1002570.jpg,sim,s9.chianca.net
1002576,Cabeceira Tekshine Captone Queen 160X120X11 Tobacco 5,(placeholder),nao,-
1003034,Cabeceira Tekshine Captone Solt 90X12CMX11CM Chinchila 2,1003034.jpg,sim,s9.chianca.net
1003710,Cabeceira Tekshine Captone Solt 90X12CMX11CM Cinza Paloma,1003710.jpg,sim,s9.chianca.net
1003033,Cabeceira Tekshine Captone Solt 90X12CMX11CM Ermine 10,1003033.jpg,sim,s9.chianca.net
1002905,Cabeceira Tekshine Captone Solt 90X12CMX11CM Marrom 9,1002905.jpg,sim,s9.chianca.net
1003100,Cabeceira Tekshine Captone Solt 90X12CMX11CM Pavemont 8,1003100.jpg,sim,s9.chianca.net
1003867,Cabeceira Tekshine Captone Solt 90X12CMX11CM Preto,(placeholder),nao,-
1002789,Cabeceira Tekshine Captone Solt 90X12CMX11CM Rose 3,1002789.jpg,sim,s9.chianca.net
1002645,Cabeceira Tekshine Captone Solt 90X12CMX11CM Safari 1,1002645.jpg,sim,s9.chianca.net
1001984,Cabeceira Tekshine Captone Solt 90X12CMX11TB Tobacco 5,1001984.jpg,sim,s9.chianca.net
1004119,Cabeceira Tekshine Viuvao 110 X120X12 Cm Cinza Paloma,(placeholder),nao,-
1003880,Cadeira Tozetto Brasil Cor Freijo TEC. Caramelo C/2 Unid,(placeholder),nao,-
1003878,Cadeira Tozetto Brasil Cor Freijo Tec Caramelo C/2 Unidade,(placeholder),nao,-
0000027400999,Carrinho Churrasco Kasper Caramelo 1300,(placeholder),nao,-
1003835,Painel Inferior 1068X540X12MM Off W Mat (AZ) - 1655,(placeholder),nao,-
60054,Penteadeira Magno Tango com Espelho e Camarim - Branco,60054.jpg,sim,s9.chianca.net
60055,Penteadeira Magno Tango com Espelho e Camarim - NATURE/ Off,60055.jpg,sim,s9.chianca.net
300258,Porta C/VIDRO Esq 609X271X12 Dm Rp,(placeholder),nao,-
1003258,Bicama Campina Suedo Bege,(placeholder),nao,-
7908548401781,Cama Auxiliar Conquista Premium Ii Cnmm,(placeholder),nao,-
100983,Cama Canaã Infantil Sleep Ariel,(placeholder),nao,-
200818,Cama Canaã Infantil Sleep Carro,200818.jpg,sim,s9.chianca.net
100910,Cama Canaã Infantil Sleep Liga da Justica,(placeholder),nao,-
20068,Cama Canãã Infantil Sleep Hulk,(placeholder),nao,-
100899,Cama Ferrit Casal Tub Preto,100899.jpg,sim,s9.chianca.net
7899825800291,Cama Jea Moveis Auxiliar 0.90 Eleganza Branco,7899825800291.jpg,sim,s9.chianca.net
7899825810849,Cama Jea Moveis Carro Formula 1 Infantil Vermelho,7899825810849.jpg,sim,s9.chianca.net
7899825813475,Cama Jea Moveis Laila Casal Mad - Branco,7899825813475.jpg,sim,s9.chianca.net
7899825805333,Cama Jea Moveis Laila Solt BRANCO-BCO/LILAS,7899825805333.jpg,sim,s9.chianca.net
7899825813611,Cama Jea Moveis Turca Solteiro Branco,7899825813611.jpg,sim,s9.chianca.net
7890000500180,Cama Kasper Auxiliar Nogal 202,(placeholder),nao,-
7890000300292,Cama Kasper Solteiro Torneada Nogal 314,7890000300292.jpg,sim,s9.chianca.net
1001932,Cama Soma Infantil Soneca - Dinossauros Branco Neve,(placeholder),nao,-
0000000600224,Tricama Kasper 600.2 Branca,(placeholder),nao,-
1004450,"Ce Guarda Costas Mega Firme 28cm x 1,88m x 88 Cm Lcc Cfu",(placeholder),nao,-
1004451,"Ce Guarda Costas Mega Firme 28cm x 2,03m x 1, 93m Lcc Cfu",(placeholder),nao,-
100600,Colchao Aiam Orquidea D20 12X188X88,100600.jpg,sim,s9.chianca.net
1001964,Colchao Anjos Royal 30CMX188MX88CM Molas Ensa Cadas Pb,(placeholder),nao,-
1001967,Colchao Anjos Royal 30CMX203MX193M Molas Ensa Cadas Pb,(placeholder),nao,-
600232,Colchao D20 Selecto Anatomic Liso 138MX188MX1 2CM Azul Esta,(placeholder),nao,-
7908583400091,Colchao D20 Selecto Anatomic Liso 78CMX188MX1 2CM Azul Esta,(placeholder),nao,-
600228,Colchao D20 Selecto Anatomic Liso 88CMX188MX1 2CM Azul Esta,(placeholder),nao,-
600230,Colchao D45 Selecto Excelence Anatomic 138MX1 88MX20CM Marr,(placeholder),nao,-
600231,Colchao D45 Selecto Excelence Anatomic 158MX1 98MX20CM Marr,(placeholder),nao,-
600229,Colchao D45 Selecto Excelence Anatomic 88CMX1 88MX20CM Marr,(placeholder),nao,-
1004022,Colchao Ecoflex Relax Adorabile 203X193,(placeholder),nao,-
1003743,Colchao Gazin Tower Hf Molas Ensac 138X188X34 Branco,1003743.jpg,sim,s9.chianca.net
1003742,Colchao Gazin Tower Hf Molas Ensac 158X198X34 Branco,1003742.jpg,sim,s9.chianca.net
7899376459504,Colchao Gazin Tower Hf Molas Ensac 193X203X34 Branco,(placeholder),nao,-
400163,Colchao Gazin Tower Hf V24 Mol Ens 138X188X34,400163.jpg,sim,s9.chianca.net
400164,Colchao Gazin Tower Hf V24 Molas ENSAC:158X19 8X34,400164.jpg,sim,s9.chianca.net
2376,Colchao Herval Idea Mola Ensacada 1380X1880X2 20 Idea Pp,2376.jpg,sim,s9.chianca.net
1003000,Colchao Herval One Mola Ensac 1580X1980X280 S .PILLOW,(placeholder),nao,-
1002998,Colchao Herval One Mola Ensac 880X1880X280 S. Pillow,(placeholder),nao,-
1002997,Colchao Herval Timeless 1580X1980X250M Espuma,(placeholder),nao,-
1002995,Colchao Herval Timeless 880X1880X250M Espuma,(placeholder),nao,-
1003754,Colchao Ortobom Airtech 193X203,1003754.jpg,sim,s9.chianca.net
1002186,Colchao Ortobom Airtech Springpocket 088X188X 025,1002186.jpg,sim,s9.chianca.net
1001919,Colchao Ortobom Airtech Springpocket 1380X188 0X02500,1001919.jpg,sim,s9.chianca.net
1002032,Colchao Ortobom Airtech Springpocket 1580X198 0X02500,1002032.jpg,sim,s9.chianca.net
1002344,Colchao Ortobom Baby Physical D18 130X070X010 0,1002344.jpg,sim,s9.chianca.net
7896988336278,Colchao Ortobom Exclusive FOAM158X198X030,(placeholder),nao,-
7896988336254,Colchao Ortobom Exclusive Foam 138X188X030,(placeholder),nao,-
60081,Colchao Ortobom Fit D33 138X188X17,60081.jpg,sim,s9.chianca.net
60080,Colchao Ortobom Fit D33 88X188X17,(placeholder),nao,-
60082,Colchao Ortobom Fit D45 138X188X20,60082.jpg,sim,s9.chianca.net
7896988338104,Colchao Ortobom Fit D45 158X198X025,7896988338104.jpg,sim,s9.chianca.net
60083,Colchao Ortobom Fit D45 158X198X20,60083.jpg,sim,s9.chianca.net
7896988337961,Colchao Ortobom Fit D45 88X188X20,7896988337961.jpg,sim,s9.chianca.net
1091,Colchao Ortobom Freedom P52 88X188X03200,(placeholder),nao,-
1004308,Colchao Ortobom Higfoam 138X198X28,(placeholder),nao,-
1002351,Colchao Ortobom Highfoam 17 138X188X0280,(placeholder),nao,-
1103,Colchao Ortobom Light D33 138X188X0170,1103.jpg,sim,s9.chianca.net
1001920,Colchao Ortobom Light D33 88X188X0170,1001920.jpg,sim,s9.chianca.net
1086,Colchao Ortobom Light D45 138X88X020,1086.jpg,sim,s9.chianca.net
1085,Colchao Ortobom Light D45 88X188X020,1085.jpg,sim,s9.chianca.net
60011,Colchao Ortobom New Freedom 138X188X03200,60011.jpg,sim,s9.chianca.net
60012,Colchao Ortobom New Freedom 158X198X03200,(placeholder),nao,-
60013,Colchao Ortobom New Freedom 193X203X0320,(placeholder),nao,-
60010,Colchao Ortobom New Freedom 88X188X03200,(placeholder),nao,-
1088,Colchao Ortobom Physical Ultra Resistente 138 X188X17 Pp,(placeholder),nao,-
1082,Colchao Ortobom Physical Ultra Resistente 88X 188X017,(placeholder),nao,-
7896988312722,Colchao Ortobom Sleep King 17 P52 03200X2030X 1930,(placeholder),nao,-
1003485,Colchao Ortonobre Cristal 88X188X20,1003485.jpg,sim,s9.chianca.net
1003240,Colchao Ortonobre Cristal Nobre 88X188X24,1003240.jpg,sim,s9.chianca.net
1003638,Colchao Ortonobre D20 138X188X10 Pp,1003638.jpg,sim,s9.chianca.net
1002317,Colchao Ortonobre D28 Liso 88X188X12,(placeholder),nao,-
1539,Colchao Ortonobre D33 Bord 78X188X14,1539.jpg,sim,s9.chianca.net
200143,Colchao Ortonobre D45 Bord 88X188X20cm Regist Ro 000558/201,200143.jpg,sim,s9.chianca.net
1002485,Colchao Ortonobre D45 Bordado 158X198X20,1002485.jpg,sim,s9.chianca.net
60019,Colchao Ortonobre Flex 30 88X188X30,60019.jpg,sim,s9.chianca.net
1001542,Colchao Ortonobre Titanio 88X188X24,(placeholder),nao,-
1001979,Colchao Pelmex Active D28 138X188X20CM CP2,(placeholder),nao,-
1001850,Colchao Pelmex Active D28 Liso 88X188X12CM Cp 2,(placeholder),nao,-
1001851,Colchao Pelmex Active D28 Liso 88X188X12CM Cp 2,1001851.jpg,sim,s9.chianca.net
1001481,Colchao Pelmex Imperial Premium Plw Euro 88X1 88X30 CE1,(placeholder),nao,-
40054,Colchao Picolim New York 188 x 88 x 32,(placeholder),nao,-
1003084,Colchao Plumatex Smartflex Black 138X188X30 P,1003084.jpg,sim,s9.chianca.net
1003083,Colchao Plumatex Smartflex Black 88X188X30,(placeholder),nao,-
1003080,Colchao Plumatex Velvet 88X188X32,1003080.jpg,sim,s9.chianca.net
1004138,Colchao Probel Cannes Sp 138X188X034 Cfr,(placeholder),nao,-
1004139,Colchao Probel Cannes Sp 158X198X034 Cfr,(placeholder),nao,-
1004140,Colchao Probel Cannes Sp 193X203X034 Cfr,(placeholder),nao,-
7899486359527,Colchao Probel Cielo Premium 138X188X30CM Cad,7899486359527.jpg,sim,s9.chianca.net
7899486359541,Colchao Probel Cielo Premium 158X198X30CM Cad,7899486359541.jpg,sim,s9.chianca.net
7899486363791,Colchao Probel Cielo Premium 193X203X30CM Cad,(placeholder),nao,-
1003376,Colchao Probel Evolution Soft Gel 88X188X32CM CT8,1003376.jpg,sim,s9.chianca.net
1002954,Colchao Probel G. Costas Extra Firme 138X188X 30CM CE5,1002954.jpg,sim,s9.chianca.net
1002955,Colchao Probel G. Costas Extra Firme 158X198X 30CM CE5,1002955.jpg,sim,s9.chianca.net
1003345,Colchao Probel G. Costas Extra Firme 88X188X3 0CM CE5,1003345.jpg,sim,s9.chianca.net
1004146,Colchao Probel G. Costas Mega Firme 138X188X2,1004146.jpg,sim,s9.chianca.net
7899486357134,"Colchao Probel G. Costas Mega Firme 24cm x 1, 88m x 1,38m C",(placeholder),nao,-
1003526,Colchao Probel Guarda Costas D45 193X203X24CM,1003526.jpg,sim,s9.chianca.net
1002693,Colchao Probel Guarda Costas Exclusive 138X18 8X34CM Ep Cbo,1002693.jpg,sim,s9.chianca.net
1002694,Colchao Probel Guarda Costas Exclusive 158X19 8X34CM Ep Cbo,1002694.jpg,sim,s9.chianca.net
1002894,Colchao Probel Guarda Costas Exclusive 203X19 3X34CM Ep Cbo,1002894.jpg,sim,s9.chianca.net
1002956,Colchao Probel Guarda Costas Max 193X203X40CM CR5,1002956.jpg,sim,s9.chianca.net
1002767,Colchao Probel Guarda Costas Max Sp 138X188X4 0CM CR5,1002767.jpg,sim,s9.chianca.net
1002768,Colchao Probel Guarda Costas Max Sp 158X198X4 0CM CR5,1002768.jpg,sim,s9.chianca.net
1004206,"Colchao Probel Mega Comfort 1,38X1,88X36CM",(placeholder),nao,-
1004207,"Colchao Probel Mega Comfort 1,58X1,98X36CM",(placeholder),nao,-
1004208,Colchao Probel Mega Comfort 193X203X36CM,(placeholder),nao,-
1003894,Colchao Probel Smile Springs Ep 108X198X30cm CT8,(placeholder),nao,-
1002598,Colchao Probel Smile Springs Ep 138X188X30CM CCT8,1002598.jpg,sim,s9.chianca.net
1002599,Colchao Probel Smile Springs Ep 158X198X30CM CT8,1002599.jpg,sim,s9.chianca.net
1002600,Colchao Probel Smile Springs Ep 193X203X30CM CT8,1002600.jpg,sim,s9.chianca.net
1002597,Colchao Probel Smile Springs Ep 88X188X30CM C T8,1002597.jpg,sim,s9.chianca.net
60043,Colchao Reconflex Bless Mol Ensac 88X188X28,60043.jpg,sim,s9.chianca.net
1003286,Colchao Reconflex Bless Mol Ensac 88X188X32,1003286.jpg,sim,s9.chianca.net
60044,Colchao Reconflex Bless Molas Ensac 138X188X2 8 Pp,60044.jpg,sim,s9.chianca.net
60039,Colchao Reconflex Comfort Black Mol Ensac 88X 188X24,60039.jpg,sim,s9.chianca.net
1546,Colchao Reconflex Comfort Mol Ensac 138X188X2 4,1546.jpg,sim,s9.chianca.net
1972,Colchao Reconflex Comfort Mol Ensac 88X188X24,1972.jpg,sim,s9.chianca.net
1615,Colchao Reconflex Comfort Molas Ensac 158X198 X240,1615.jpg,sim,s9.chianca.net
60063,Colchao Reconflex D20 Max Saude 138X188X12 Se Lado,60063.jpg,sim,s9.chianca.net
60062,Colchao Reconflex D20 Max Saude 78X188X12 Sel Ado,60062.jpg,sim,s9.chianca.net
60064,Colchao Reconflex D20 Max Saude 88X188X12 Sel Ado,60064.jpg,sim,s9.chianca.net
60068,Colchao Reconflex D28 Max Saude 78X188X12SELA do,60068.jpg,sim,s9.chianca.net
60069,Colchao Reconflex D28 Max Saude 88X188X12 Sel Ado,60069.jpg,sim,s9.chianca.net
600226,Colchao Reconflex D33 Max Saude 138X188X14 Se Lado,(placeholder),nao,-
60061,Colchao Reconflex D33 Max Saude 138X188X17 Se Lado,60061.jpg,sim,s9.chianca.net
600225,Colchao Reconflex D33 Max Saude 78X188X14 Sel Ado,(placeholder),nao,-
60060,Colchao Reconflex D33 Max Saude 78X188X17 Sel Ado,60060.jpg,sim,s9.chianca.net
600224,Colchao Reconflex D33 Max Saude 88X188X14 Sel Ado,(placeholder),nao,-
60059,Colchao Reconflex D33 Max Saude 88X188X17 Sel Ado,60059.jpg,sim,s9.chianca.net
60079,Colchao Reconflex D45 Max Saude 138X188X20 Se Lado,60079.jpg,sim,s9.chianca.net
60077,Colchao Reconflex D45 Max Saude 158X198X20 Se Lado,(placeholder),nao,-
60078,Colchao Reconflex D45 Max Saude 88X188X20 Sel Ado,60078.jpg,sim,s9.chianca.net
1003289,Colchao Reconflex Gold Flex Plus One 138X188X 24,1003289.jpg,sim,s9.chianca.net
60022,Colchao Reconflex Gold Flex Plus One 88X188X2 4,60022.jpg,sim,s9.chianca.net
7899721154597,Colchao Reconflex Luster Molas Ensac 138X188X 32,7899721154597.jpg,sim,s9.chianca.net
7899721154573,Colchao Reconflex Luster Molas Ensac 158X198X 32,7899721154573.jpg,sim,s9.chianca.net
7899721154603,Colchao Reconflex Luster Molas Ensac 203X192X 320,7899721154603.jpg,sim,s9.chianca.net
100352,Colchao Tekchine Baby Br 60X90X10 D-18,(placeholder),nao,-
1003591,Colchao Tekshine Baby Liso 60X130X10CM,(placeholder),nao,-
7890006124663,Colchao Tekshine D23 Bordado 12CMX188MX78M Solteiro,(placeholder),nao,-
1004185,Colchao Tekshine D33 78X188X12,(placeholder),nao,-
400220,Colchao Tekshine Hospitalar,(placeholder),nao,-
1003593,Colchao Tekshine Tiger Ortop D28 138188X24CM,(placeholder),nao,-
40081,Colchao Tekshine Top D20 78X188X12CM,40081.jpg,sim,s9.chianca.net
600207,Colchao Titanio Costa Rica Molas Ensac 138X18 8X035 Cm Graf,(placeholder),nao,-
600201,Colchao Titanio Costa Rica Molas Ensac 138X18 8X035 Cm Marr,600201.jpg,sim,s9.chianca.net
600209,Colchao Titanio Costa Rica Molas Ensac 158X19 8X035 Cm Graf,(placeholder),nao,-
600203,Colchao Titanio Costa Rica Molas Ensac 158X19 8X035 Cm Marr,600203.jpg,sim,s9.chianca.net
600211,Colchao Titanio Costa Rica Molas Ensac 198X19 8X035 Cm Graf,(placeholder),nao,-
600205,Colchao Titanio Costa Rica Molas Ensac 198X19 8X035 Cm Marr,600205.jpg,sim,s9.chianca.net
1002961,Colchao Topazio Baby D18 100X070X10,(placeholder),nao,-
1004039,Colchao Topazio Baby D18 110X070X10,(placeholder),nao,-
1001114,Colchao Topazio Baby D18 130X070X10 Qq,1001114.jpg,sim,s9.chianca.net
1001488,Colchao Topazio Baby D18 150X70X10 Cm,1001488.jpg,sim,s9.chianca.net
1003338,Colchao Topazio Donatello Molas Ensac 138X188 X40 Cm Pp,1003338.jpg,sim,s9.chianca.net
1003339,Colchao Topazio Donatello Molas Ensac 158X198 X40 Cm,1003339.jpg,sim,s9.chianca.net
4002,Colchao Topazio Exclusive D33 138X188X017 Cm Qq,4002.jpg,sim,s9.chianca.net
1001455,Colchao Topazio Exclusive D33 138X188X020 Cm Qq,1001455.jpg,sim,s9.chianca.net
1001454,Colchao Topazio Exclusive D33 138X188X14 Cm Q,1001454.jpg,sim,s9.chianca.net
1001081,Colchao Topazio Exclusive D33 78X188X014 Qq,1001081.jpg,sim,s9.chianca.net
1001307,Colchao Topazio Exclusive D33 78X188X12 Uu,1001307.jpg,sim,s9.chianca.net
1001451,Colchao Topazio Exclusive D33 78X188X17 Cm,1001451.jpg,sim,s9.chianca.net
4003,Colchao Topazio Exclusive D33 88X12 Cm Qq,4003.jpg,sim,s9.chianca.net
1001452,Colchao Topazio Exclusive D33 88X17 Cm Qq,1001452.jpg,sim,s9.chianca.net
1001453,Colchao Topazio Exclusive D33 88X188X14 Cm Qq,1001453.jpg,sim,s9.chianca.net
1001084,Colchao Topazio Exclusive D33 88X188X20 Vv,1001084.jpg,sim,s9.chianca.net
1002714,Colchao Topazio Grecia Molas Ensac 138XX188X2 4 Cm Qq,1002714.jpg,sim,s9.chianca.net
1002715,Colchao Topazio Grecia Molas Ensac 158X198X24 Cm Qq,1002715.jpg,sim,s9.chianca.net
1002713,Colchao Topazio Grecia Molas Ensac 88X188X24 Cm Qq,1002713.jpg,sim,s9.chianca.net
1001527,Colchao Topazio Lotus 88X188X22 Cm,(placeholder),nao,-
1004038,Colchao Topazio Luna Molas Ensacadas 158X198X 30 Cm,1004038.jpg,sim,s9.chianca.net
1004015,Colchao Topazio Luna Molas Ensacadas Linho 13 8X188X30 Cm,(placeholder),nao,-
1004375,Colchao Topazio Luna Molas Ensacadas Linho 15 8X198X30 Cm,(placeholder),nao,-
1004445,Colchao Topazio Luna Molas Ensacadas Linho 19 8X198X30 Cm,(placeholder),nao,-
600119,Colchao Topazio Madri Molas Ensac 138X188X24 Cm,(placeholder),nao,-
1003465,Colchao Topazio Santiago Molas Ensac 138X188X 30 Cm,1003465.jpg,sim,s9.chianca.net
1003382,Colchao Topazio Stylus Molas Ensac 138X188X03 0 Cm Qq,1003382.jpg,sim,s9.chianca.net
4000,Colchao Topazio Stylus Molas Ensac 158X198X30 Cm Qq,(placeholder),nao,-
1004418,Colchao Topazio Stylus Molas Ensacadas 88X188 X30 Cm,(placeholder),nao,-
1001437,Colchao Topazio Valencia D20 138X188X012 Cm Q,1001437.jpg,sim,s9.chianca.net
40020,Colchao Topazio Valencia D20 138X188X20 Cm Pp,40020.jpg,sim,s9.chianca.net
1001436,Colchao Topazio Valencia D20 78X188X012 Cm Uu,1001436.jpg,sim,s9.chianca.net
1003020,Colchao Topazio Valencia D20 78X188X014 Cm,(placeholder),nao,-
100813,Colchao Topazio Valencia D20 88X188X012 Qq,100813.jpg,sim,s9.chianca.net
1001525,Colchao Topazio Valencia D20 88X188X020 Cm,(placeholder),nao,-
1002281,Colchao Topazio Viena Molas Ensac 158X198X22 Cm,(placeholder),nao,-
1001691,Colchao Umaflex Attractive M.ENSAC 158X198X24 01 Euro com P,(placeholder),nao,-
7899429526429,Colchao Umaflex Destak 138X188X33,(placeholder),nao,-
7899429526436,Colchao Umaflex Destak 158X198X33,7899429526436.jpg,sim,s9.chianca.net
7899429526498,Colchao Umaflex Destak 193X203X33,(placeholder),nao,-
7899429526412,Colchao Umaflex Destak 88X188X33,7899429526412.jpg,sim,s9.chianca.net
1001692,Colchao Umaflex Ouro D33 188X138X17 Bordado P,(placeholder),nao,-
1003150,Colchonete 60X180X5CM,(placeholder),nao,-
1003174,Colchonete 60X1X 4 Cm,(placeholder),nao,-
1467,Colchonete Almoflex Ortonobre 062X062X27,1467.jpg,sim,s9.chianca.net
1001706,Colchonete Hospitalar 120X60X8CM,(placeholder),nao,-
1002538,Colchonete Ortobom Camp Blue Magazine 00200X1 800X0600,1002538.jpg,sim,s9.chianca.net
1001161,Colchonete Softflex Perfilado 138,(placeholder),nao,-
1003196,Colchonete Tekshine Camping Perfilado 55X160X 4,(placeholder),nao,-
1001818,Colchonete Tekshine Perfilado 4CMX188MX138M C Asal,1001818.jpg,sim,s9.chianca.net
1001817,Colchonete Tekshine Perfilado 88X188X4CM Solteirao,1001817.jpg,sim,s9.chianca.net
1001819,Colchonete Tekshine Pilow BORD. 6CMX198MX158M Queen,(placeholder),nao,-
1001703,Colchonete Tekshine Pilow Bord 6CMX188MX138M,1001703.jpg,sim,s9.chianca.net
1001704,Colchonete Tekshine Top Liso 6CM 188MX88 Cm,(placeholder),nao,-
1003852,Colchonete Tekshine Top Liso 6CM 188MX88 Cm,(placeholder),nao,-
1003570,Colchonete Tekshine Top Liso 8CMX188MX78M,1003570.jpg,sim,s9.chianca.net
7890006185510,Colchonete Top Bordado Impermeavel 6CMX180MX6 0CM,(placeholder),nao,-
1003705,Colchonete com Napa 100X50X004 Cm,(placeholder),nao,-
1003704,Colchonete com Napa 180X60X004 Cm,(placeholder),nao,-
1001225,Colchão Bonsono Robust D-45 Padrao LARG:88X18 8 ALT:240,1001225.jpg,sim,s9.chianca.net
30026,Colchão Essencia FIRME-3 LOS22 78X188,(placeholder),nao,-
1001570,Colchão Pocket Verona Plus Eps 88X188,(placeholder),nao,-
3009,Colchão Softflex Gold Luxo Collection Br 138X 188X33,(placeholder),nao,-
1003573,Conjunto Box Grecia Molas Ensacadas 198X 158X 54 Cm Jj,1003573.jpg,sim,s9.chianca.net
1002347,Mochila Ortobom Camping 00400X1750X0550,(placeholder),nao,-
600242,Unibox Selector Anatomic 138 x 188 x 41 Ps Cinza Trevo Fx,(placeholder),nao,-
600241,Unibox Selector Anatomic 88 x 188 x 41 Ps Cinza Trevo Fx C,(placeholder),nao,-
1315,Bibox Bonsono D28 880 x 1880 x 420 Mm EAN: 07 51320274342,1315.jpg,sim,s9.chianca.net
1003785,Bibox Bonsono Melinda Mol Ensacad 88X188X52 C / Auxiliar,1003785.jpg,sim,s9.chianca.net
1002805,Bibox Ortonobre 88X188X42 - Poliester Preta,1002805.jpg,sim,s9.chianca.net
1003996,Bibox Tekshine C/AUXILAR Mola 88X188X53,(placeholder),nao,-
7890006719760,"Bibox Tekshine Viuvao Top 10 com AUX. 1,10X1,8 8MX51CM",(placeholder),nao,-
7890006090814,Bibox Tekshine com AUX. Esp 88X188X41CM,(placeholder),nao,-
8004,"Cama Super Top 10 Pillow 55CM1,88MX88CM Solt",(placeholder),nao,-
1002566,Unibox Ortonobre Europillow Deluxe 138X188X53,(placeholder),nao,-
60041,Unibox Reconflex Doub Flex C/PIL 88X188X52,60041.jpg,sim,s9.chianca.net
60040,Unibox Reconflex Double Flex C/PIL 138X188X52,60040.jpg,sim,s9.chianca.net
1002745,Unibox Tekshine Casal Combate 128X188X41,1002745.jpg,sim,s9.chianca.net
1002518,Unibox Tekshine Casal Love 138X188X41,1002518.jpg,sim,s9.chianca.net
1002524,Unibox Tekshine Solt Love 88X188X41,1002524.jpg,sim,s9.chianca.net
1003180,Unibox Tekshine Super Top 10 Casal 138X188X55 Cm,1003180.jpg,sim,s9.chianca.net
1003179,Unibox Tekshine Super Top 10 Solteiro 88X188X 55CM,(placeholder),nao,-
1001775,Unibox Topazio Macro Ensac com Auxiliar 108X19 8X54CM,1001775.jpg,sim,s9.chianca.net
1002038,Unibox Topazio Macro Ensac com Auxiliar 88X188 X54CM,1002038.jpg,sim,s9.chianca.net
1004444,Unibox Topazio Macro Espuma 138 X188X54 Cm,(placeholder),nao,-
1004443,Unibox Topazio Macro Espuma 88 X188X54 Cm,(placeholder),nao,-
1001288,Unibox Topazio Santorini 138X188X048 10CM Qq,1001288.jpg,sim,s9.chianca.net
1001234,Unibox Topazio Santorini 88X188X048 Cm Qq,1001234.jpg,sim,s9.chianca.net
7908319904312,Aereo Duplo Rio Doce 800 Syrah - AMENDOA/CHUM Bo,7908319904312.jpg,sim,s9.chianca.net
7908319904350,Aereo Duplo Rio Doce Reflecta 1200 Syrah - Am ENDOA/CHUMBO,7908319904350.jpg,sim,s9.chianca.net
1002808,Aereo Duplo Ronipa Reflecta 1200 Syrah - Chum BO/CAST Yy,(placeholder),nao,-
1002813,Aereo Gel Belo Prime - AMENDOA/OFF Wt,(placeholder),nao,-
1004005,Aereo Geladeira Rebeca Mb 1075 Mel,1004005.jpg,sim,s9.chianca.net
1004006,Aereo Rebeca Mb 1076 3 Pts Mel,1004006.jpg,sim,s9.chianca.net
129,Aereo Ronipa Geladeira Chardonnay - CASTANHO/ Br,129.jpg,sim,s9.chianca.net
1002433,Aereo Ronipa Geladeira Chardonnay - CASTANHO/ Chumbo,1002433.jpg,sim,s9.chianca.net
1001999,Aereo Ronipa Geladeira Marsala - SEVILHA/BRAN Co,1001999.jpg,sim,s9.chianca.net
1002339,Aereo Ronipa Geladeira Syrah - CASTANHO/CHUMB o,1002339.jpg,sim,s9.chianca.net
1002434,Aereo Ronipa Geladeira Syrah - SEVILHA/BRANCO,1002434.jpg,sim,s9.chianca.net
7908319905586,Aereo Ronipa com Nicho Frisado Carmenere - Ame Ndoa,7908319905586.jpg,sim,s9.chianca.net
1003700,Armario Itatiaia Rose I3G1 105 Bra,1003700.jpg,sim,s9.chianca.net
1003409,Armario Kits Parana Art 1200 2 Preto FREIJO/RISC Ato,1003409.jpg,sim,s9.chianca.net
1003667,Armario Kits Parana Art 1200 2 Preto FREIJO/SOFT,1003667.jpg,sim,s9.chianca.net
1003410,Armario Kits Parana Art 800 2 Preto FREIJO/RISCA To,1003410.jpg,sim,s9.chianca.net
7893726682963,Armario Kits Parana Art 800 2 Preto FREIJO/SOFT,7893726682963.jpg,sim,s9.chianca.net
1003732,"Armario Poliman Ravena 1,20 Freijo /OFF",1003732.jpg,sim,s9.chianca.net
1003731,Armario Poliman Ravena 80 Cm Freijo /OFF,1003731.jpg,sim,s9.chianca.net
514,Armario Valdemoveis Granada - Bco,(placeholder),nao,-
2001111,Armario de Aco 8 Portas,2001111.jpg,sim,s9.chianca.net
2001110,Armario de Aço com 4 Portas,(placeholder),nao,-
1003699,Armário Itatiaia Rose I3G1 105 BRA/PTO,1003699.jpg,sim,s9.chianca.net
20097,Balcao Bello Nog / Avulso Yy Unico,(placeholder),nao,-
1002552,Balcao Itatiaia Rose IG3G1 105 Branco,1002552.jpg,sim,s9.chianca.net
7892946439821,Balcao Itatiaia Rose IG3G1 105 Preto,7892946439821.jpg,sim,s9.chianca.net
7893726686923,Balcao Kits Parana 1200 Soul CINZA/FREIJO/GRI S,7893726686923.jpg,sim,s9.chianca.net
7893726686947,Balcao Kits Parana 1200 Soul FREIJO/CARAMELO,7893726686947.jpg,sim,s9.chianca.net
7893726686930,Balcao Kits Parana 1200 Soul FREIJO/SOFT,7893726686930.jpg,sim,s9.chianca.net
1003666,Balcao Kits Parana Art 1200 3P 2GAV com Tampo Branco /ARTIC,1003666.jpg,sim,s9.chianca.net
1003412,Balcao Kits Parana Art 1200 3P 2GAV com Tampo Vanila,1003412.jpg,sim,s9.chianca.net
7893726681751,Balcao Kits Parana Art 800 1BASC 1GAV C Tampo BRANCO/ARTIC,7893726681751.jpg,sim,s9.chianca.net
1003665,Balcao Kits Parana Art 800 2 Preto com Tampo Branco /ARTICO,1003665.jpg,sim,s9.chianca.net
1003413,Balcao Kits Parana Art 800 2 Preto com Tampo Vani La,1003413.jpg,sim,s9.chianca.net
1003404,Balcao Kits Parana Diamante 60 Branco,(placeholder),nao,-
1003407,Balcao Kits Parana Glam 1600 com Tampo FREIJO/ Freijo,1003407.jpg,sim,s9.chianca.net
1002085,Balcao Nicioli Isis Duplo - BCO/BCO Uv Pta Fe Chada,(placeholder),nao,-
1003543,Balcao Nicioli Isis Duplo - FREIJO/OFF White Cristal Pta F,1003543.jpg,sim,s9.chianca.net
1003542,Balcao Nicioli Isis Simples - FREIJO/OFF Whit e Cristal Pta,1003542.jpg,sim,s9.chianca.net
7899665061586,Balcao Nicioli para Cooktop Fit - FREIJO/OFF White Cristal,7899665061586.jpg,sim,s9.chianca.net
1002759,Balcao Poliman Cooktop 4 Branco 1GV Alecrim Branco,1002759.jpg,sim,s9.chianca.net
1004003,Balcao Rebeca Mb 1074 2P MEL/OFF White,1004003.jpg,sim,s9.chianca.net
1004002,Balcao Rebeca Mb 1077 2P 3 Gav MEL/OFF White com Tampo,1004002.jpg,sim,s9.chianca.net
7908319904374,Balcao Ronipa 1 Preto 1 Gav Syrah - AMENDOA/CHUM Bo,7908319904374.jpg,sim,s9.chianca.net
1002809,Balcao Ronipa 1PT1GAV Syrah - AMENDOA/OFF Whi Te,1002809.jpg,sim,s9.chianca.net
7908319904398,Balcao Ronipa 2 Pts 3 Gav Syrah - AMENDOA/CHU Mbo,7908319904398.jpg,sim,s9.chianca.net
1002341,Balcao Ronipa 2 Pts 3 Gav Syrah - CASTANHO/CH Umbo Yy,(placeholder),nao,-
1002436,Balcao Ronipa 2 Pts 3 Gav Syrah - SEVILHA/BRA Nco,1002436.jpg,sim,s9.chianca.net
1002833,Balcao Ronipa 2PTS 3GAV 1200 Sauvignon - Amen DOA/CHUMBO,1002833.jpg,sim,s9.chianca.net
1002811,Balcao Ronipa Carmenere - AMENDOA/CHUMBO,1002811.jpg,sim,s9.chianca.net
1003544,Balcao para Cooktop Nicioli 2 Portas - Freijo /OFF White Cr,1003544.jpg,sim,s9.chianca.net
1003729,"Balcão Poliman Ravena 1,20 Freijo /OFF",1003729.jpg,sim,s9.chianca.net
1003730,Balcão Poliman Ravena 80 Cm Freijo /OFF,1003730.jpg,sim,s9.chianca.net
1002539,Banqueta Aco Nobre Turim Junco Cr - 2 -BC-80- J 03,(placeholder),nao,-
7899630675459,Buffet Caemmun Mondrian Off White MR/FREIJO,7899630675459.jpg,sim,s9.chianca.net
7899568251688,Buffet Jurere - Off White Matte Freijo,(placeholder),nao,-
7899665079925,Combo Nicioli Intenza Amore - FREIJO/CHUMBO C / Tpo Freijo,7899665079925.jpg,sim,s9.chianca.net
7899665077136,Combo Nicioli Intenza Amore - FREIJO/OFF Whit e Cristal com,7899665077136.jpg,sim,s9.chianca.net
7899665077181,Combo Nicioli Lemon - FREIJO/CHUMBO Pta Fecha da,7899665077181.jpg,sim,s9.chianca.net
7899665071653,Combo Nicioli Lemon - FREIJO/OFF White Crista L Pta Fechada,7899665071653.jpg,sim,s9.chianca.net
7908319906170,Combo Ronipa 1000 Grenache - CANELA/PLATINA,7908319906170.jpg,sim,s9.chianca.net
1003701,Coz 1 Itatiaia Rose Bra Compacta IG3G1 105 Se M Balcão,1003701.jpg,sim,s9.chianca.net
7894867973811,Coz Poliman Sicilia C/BALCAO Frejo Ripada /OF F,7894867973811.jpg,sim,s9.chianca.net
1001756,Cozinha Kit Belo Volare - MEL-RIPADO,(placeholder),nao,-
1002088,Cozinha Kit Nicioli Ferrara FREIJO/GRIS x Fre IJO/SOFT,(placeholder),nao,-
7893726686794,Cozinha Kits Parana Botanika FREIJO/CARAMELO,7893726686794.jpg,sim,s9.chianca.net
7893726686510,Cozinha Kits Parana Botanika FREIJO/CINZA,7893726686510.jpg,sim,s9.chianca.net
7893726686503,Cozinha Kits Parana Botanika FREIJO/SOFT,7893726686503.jpg,sim,s9.chianca.net
1003664,Cozinha Kits Parana Ferrara 198X180L FREIJO/G Ris,1003664.jpg,sim,s9.chianca.net
1003405,Cozinha Kits Parana Ferrara 198X180L FREIJO/S Oft,1003405.jpg,sim,s9.chianca.net
1003406,Cozinha Kits Parana Glam FREIJO/VANILLA Ripad o,(placeholder),nao,-
7893726686855,Cozinha Kits Parana Soul Cinza /FREIJO/GRIS,7893726686855.jpg,sim,s9.chianca.net
7893726686879,Cozinha Kits Parana Soul FREIJO/CARAMELO,7893726686879.jpg,sim,s9.chianca.net
7893726686862,Cozinha Kits Parana Soul FREIJO/SOFT,7893726686862.jpg,sim,s9.chianca.net
1003479,Cozinha Movelbento Isabelle 8 Preto 2 Gav 2400 x 1990 x 390,1003479.jpg,sim,s9.chianca.net
1003679,Cozinha Poliman Olinda C/BALCAO FREIJO/RIPADO /OFF,1003679.jpg,sim,s9.chianca.net
1003678,Cozinha Poliman Ravena C/BALCAO Freijo /OFF,1003678.jpg,sim,s9.chianca.net
300256,Cozinha Poquema Dora C/BALCAO Dm RP/OFF,300256.jpg,sim,s9.chianca.net
7899630675862,Cristaleira Caemmun Mondrian Off White MR/FRE Ijo,7899630675862.jpg,sim,s9.chianca.net
7899568251770,Cristaleira Jurere - Off White Matte Freijo,7899568251770.jpg,sim,s9.chianca.net
1003686,Cristaleira Linea Retro Marsala NATURE/OFF Wh Ite,1003686.jpg,sim,s9.chianca.net
1003733,Cristaleira Poliman Ravena Freijo /OFF,1003733.jpg,sim,s9.chianca.net
1002827,Cristaleira Ronipa Reflecta 700 Tempranillo - AMENDOA/OFF,1002827.jpg,sim,s9.chianca.net
1004142,Cuscuzeira,(placeholder),nao,-
1003841,Estante de Aco com Prateleiras,(placeholder),nao,-
7899639700091,Fogao 4 Bocas,(placeholder),nao,-
1002704,Fruteira Aco Coelho Madri Br Luxo C/GRANITO 7 /8,(placeholder),nao,-
1002703,Fruteira Aco Coelho Madri Preto Luxo C/GRANITO 7 /8,(placeholder),nao,-
100414,Fruteira Ferrit Branca Pop 01,(placeholder),nao,-
2085,Fruteira Ferrit Branca Pop 03,(placeholder),nao,-
100413,Fruteira Ferrit Preta Pop 02,(placeholder),nao,-
1002658,Ilha Nesher Imperatriz 200CM 100% Mdf Freijo - Freijo,1002658.jpg,sim,s9.chianca.net
7908319902462,Kit Cabernet Ronipa Prime - AMENDOA/CHUMBO,7908319902462.jpg,sim,s9.chianca.net
1004179,Kit Cozinha Demobile 4P 1G Malta AVENA/GRAFIT o,1004179.jpg,sim,s9.chianca.net
7895183121900,Kit Cozinha Demobile 4P 1G Malta CINAMON/OFF White,7895183121900.jpg,sim,s9.chianca.net
7899665081683,Kit Cozinha Nicioli Salsa - IPE/FENDY/RIPADO Ipe Pta Fecha,7899665081683.jpg,sim,s9.chianca.net
1003766,Kit Cozinha Nicioli Salsa 180 - FREIJO/OFF Wh Ite Cristal P,1003766.jpg,sim,s9.chianca.net
7899665075606,Kit Cozinha Nicioli Salsa 180 - FREIJO/PTO Es Fera Pta Fech,7899665075606.jpg,sim,s9.chianca.net
1003767,Kit Cozinha Nicioli Salsa 180 - IPE/CHUMBO Preto a Fechada,1003767.jpg,sim,s9.chianca.net
1003546,Kit Cozinha Nicioli Tropical 160 - FREIJO/FEN DY/RIPADO Fre,1003546.jpg,sim,s9.chianca.net
1003545,Kit Cozinha Nicioli Tropical 160 - FREIJO/VER DE/RIPADO Fre,1003545.jpg,sim,s9.chianca.net
7899665077914,Kit Cozinha Nicioli Yara 160 - FREIJO/CHUMBO/ RIP. Freijo P,7899665077914.jpg,sim,s9.chianca.net
1003765,Kit Cozinha Nicioli Yara 160 - FREIJO/OFF Wht CRT/RIP. Fre,1003765.jpg,sim,s9.chianca.net
7899665077938,Kit Cozinha Nicioli Yara 160 - IPE/FENDY/RIP. Ipe Pta Fech,7899665077938.jpg,sim,s9.chianca.net
1002761,Kit Cozinha Poliman Izis Freijo UV/OFF Acetin Ado Uu,1002761.jpg,sim,s9.chianca.net
1002756,Kit Cozinha Poliman Izis Freijo UV/RIPADO/OFF Acetin,1002756.jpg,sim,s9.chianca.net
1002757,Kit Cozinha Poliman Livia Freijo UV/OFF Aceti Nado,1002757.jpg,sim,s9.chianca.net
1002758,Kit Cozinha Poliman Livia Freijo UV/RIPADO/OF F Acetin,1002758.jpg,sim,s9.chianca.net
7908319906101,Kit Riodoce Sangio 05PTS - CANELA/OFF White,7908319906101.jpg,sim,s9.chianca.net
7908319906118,Kit Riodoce Sangio 05PTS - CANELA/PLATINA,7908319906118.jpg,sim,s9.chianca.net
1002838,Kit Ronipa Concord 08 Pts - AMENDOA/CHUMBO,1002838.jpg,sim,s9.chianca.net
1002839,Kit Ronipa Moscato 06 Pts - AMENDOA/BRANCO,1002839.jpg,sim,s9.chianca.net
1002816,Kit Ronipa Tannat Gold 06 Pts - AMENDOA/CHUMB o,1002816.jpg,sim,s9.chianca.net
836,Kit Vulso Peça Unica -,(placeholder),nao,-
7893726682093,Mesa Duo Kits Parana BRANCO/WHITE,(placeholder),nao,-
7908319906132,Multifuncional Riodoce Blanc 04PTS - CANELA/O Ff White,(placeholder),nao,-
1002402,Painel de Ilha Nesher Freijo 120CM 100% Mdf,(placeholder),nao,-
1003408,Paneleiro Kits Parana Art 4 PT/ Vd FREIJO/VAN Ila,1003408.jpg,sim,s9.chianca.net
1004004,Paneleiro Rebeca Mb 1078 com Vidro MEL/OFF Whi Te,1004004.jpg,sim,s9.chianca.net
1054,Paneleiro Ronipa 2 PTS. 3 GAV. Marsala - Cast ANHO/BRANCO,1054.jpg,sim,s9.chianca.net
1002812,Paneleiro Ronipa Carmenere - AMENDOA/CHUMBO,1002812.jpg,sim,s9.chianca.net
1002817,Paneleiro Ronipa Reflecta Syrah - AMENDOA/OFF White,1002817.jpg,sim,s9.chianca.net
132,Paneleiro Ronipa Simples Chardonnay - Castanh O/BR,(placeholder),nao,-
1002212,Paneleiro Ronipa Simples Chardonnay - Castanh O/CHUMBO,1002212.jpg,sim,s9.chianca.net
1002437,Paneleiro Ronipa Torre Quente Syrah - Sevilha /BRANCO Yy,(placeholder),nao,-
1002710,Tabua de Passar Aco Coelho Br Luxo,(placeholder),nao,-
7908319904534,Torre Quente Ronipa 2 VOL. Syrah - AMENDOA/CH Umbo,7908319904534.jpg,sim,s9.chianca.net
1002697,Camarim Canto Albatroz Glitter Branco Fosco Liso,1002697.jpg,sim,s9.chianca.net
1002699,Camarim Canto Albatroz Glitter CINAMOMO/OFF,(placeholder),nao,-
7898757621363,Comoda Acp Bella 05 Gav C/SAP - Branco,7898757621363.jpg,sim,s9.chianca.net
1003398,Comoda Acp Bella 05 Gav C/SAP - CINAMOMO/OFF White,1003398.jpg,sim,s9.chianca.net
1003649,Comoda Acp Diana Prime 05 GAV. C/SAP - Cinamo MO/OFF White,1003649.jpg,sim,s9.chianca.net
1002572,Comoda Acp Diana Prime 05 GAV. com Sap - Branco,1002572.jpg,sim,s9.chianca.net
1226,Comoda Acp Jessica - BCO/ROSA/AZUL,1226.jpg,sim,s9.chianca.net
1129,Comoda Acp Jessica - Branco,1129.jpg,sim,s9.chianca.net
1002462,Comoda Acp Jessica - CAFE/OFF White,1002462.jpg,sim,s9.chianca.net
1003648,Comoda Acp Jessica - CINAMOMO/OFF WHITE/CINAM Omo,1003648.jpg,sim,s9.chianca.net
1002721,Comoda Acp Jessica - NATURE/OFF White,1002721.jpg,sim,s9.chianca.net
1237,Comoda Acp Madri Plus 05 GAV. e Sap - Branco,(placeholder),nao,-
1003498,Comoda Acp Nalu 08 Gavetas - CINAMOMO/OFF Whi Te,1003498.jpg,sim,s9.chianca.net
7898574583561,Comoda Acp Rayane Prime C/SAP - CINAMOMO/OFF White,7898574583561.jpg,sim,s9.chianca.net
1002175,Comoda Acp Rayane Prime C/SAPATEIRA - Branco,1002175.jpg,sim,s9.chianca.net
1002457,Comoda Acp Rayane Prime C/SAPATEIRA - NATURE/ Off White,1002457.jpg,sim,s9.chianca.net
1002388,Comoda Albatroz Fontana CARVALHO/OFF White,(placeholder),nao,-
7908141236117,Comoda Albatroz SOLE-BRANCO FOSCO//FREIJO,7908141236117.jpg,sim,s9.chianca.net
7908141233673,Comoda Albatroz SOLE-CINAMOMO Off White (FLEX ),7908141233673.jpg,sim,s9.chianca.net
7908141241616,Comoda Albatroz Sapateira ATENA-CINAMOMO/OFF White,7908141241616.jpg,sim,s9.chianca.net
7908141241647,Comoda Albatroz Sapateira ATENA-QUADRIFLEX,7908141241647.jpg,sim,s9.chianca.net
7908141242309,Comoda Albatroz Sapateira DORA- Branco Fosco Liso,7908141242309.jpg,sim,s9.chianca.net
7908141242316,Comoda Albatroz Sapateira DORA-CINAMOMO/OFF W Hite,7908141242316.jpg,sim,s9.chianca.net
1002239,Comoda Albatroz Sole Branco Fosco LISO/NATURE Fle x,(placeholder),nao,-
1002240,Comoda Albatroz Sole CARVALHO/OFF White Flex,(placeholder),nao,-
7908141233628,Comoda Albatroz VITTORIA-CINAMOMO/OFF White,7908141233628.jpg,sim,s9.chianca.net
1002233,Comoda Albatroz Vittoria Branco Fosco Liso,1002233.jpg,sim,s9.chianca.net
7908058100617,Comoda Josan Free - com Pe Branco,(placeholder),nao,-
600233,Comoda Josan Free com Pe CINAMO/OFF,600233.jpg,sim,s9.chianca.net
1003298,Comoda Mx Carla 4 Gav CO027 Branco / BRANC0,1003298.jpg,sim,s9.chianca.net
1003299,Comoda Mx Carla 4 Gav CO027 Marrocos,1003299.jpg,sim,s9.chianca.net
7908687508006,Comoda S. Andira Fit 1.4 C/PES BCO/BCO,7908687508006.jpg,sim,s9.chianca.net
1003685,Comoda S. Andira Fit 1.4 C/PES JEQUITIBA/JEQU Itiba,1003685.jpg,sim,s9.chianca.net
1003684,Comoda S. Andira Fit 1.4 C/PES Jequitiba /OFF White Xx,1003684.jpg,sim,s9.chianca.net
1002477,Comoda Tcil Aconchego 3 Gav - CINAMOMO/NEVE,1002477.jpg,sim,s9.chianca.net
1002476,Comoda Tcil Aconchego 3 Gav - NEVE/NEVE,(placeholder),nao,-
1002472,Comoda Tcil Docura 3 Gav C/4 Pes - CINAMOMO/N Eve,1002472.jpg,sim,s9.chianca.net
1002471,Comoda Tcil Docura 3 Gav C/4 Pes - NEVE/NEVE,1002471.jpg,sim,s9.chianca.net
1004310,Comoda Tigus Fly com Porta AMADEIRADO/BRANCO,1004310.jpg,sim,s9.chianca.net
1004309,Comoda Tigus Fly com Porta Branco,1004309.jpg,sim,s9.chianca.net
7899630635187,Gaveteiro Caemmun 2 Gavetas Sky [FSC] Lamina Mel,7899630635187.jpg,sim,s9.chianca.net
1002696,Penteadeira Albatroz Trend Branco Fosco Liso,(placeholder),nao,-
1002700,Penteadeira Albatroz Trend CARVALHO/OFF White,(placeholder),nao,-
516,Assistencia,(placeholder),nao,-
1004440,Base Inferior 1574 x 410 x 12 - Freijo,(placeholder),nao,-
1004432,Fronha Probel 50cmX70cm Cdf,(placeholder),nao,-
1004436,Lateral Direita Inferior 880 x 448 x 12 - Fre Ijo,(placeholder),nao,-
1004435,Lateral Direita Superior 963 x 265 x 12 - Fre Ijo,(placeholder),nao,-
1004433,Lateral Esquerda Inferior 680 x 448 x 12 - Fr Eijo,(placeholder),nao,-
1004437,Lateral Esquerda Superior 1163 x 265 x 12 - F Reijo,(placeholder),nao,-
1004431,"Peseira Probel Comercial 2,70mX52,5cm Cdf",(placeholder),nao,-
1004434,Porta Inferior 662 x 582 x 15 - Pto Esfera,(placeholder),nao,-
1004439,Tampo Maior 1186 x 448 x 15 - Freijo,(placeholder),nao,-
1004438,Tampo Paneleiro 614 x 448 x 15 - Freijo 1543,(placeholder),nao,-
7899710022395,Air Fryer Kian 3.5L 1200W Preto 220V AF105P Kian,(placeholder),nao,-
1004322,Antena para Tv,(placeholder),nao,-
1003349,Ar COND. Elgin 12.000 Btus Eco Inverter 220V,1003349.jpg,sim,s9.chianca.net
1003702,Ar COND. Elgin 18.000 Btus Eco Dream Inverter 220V,1003702.jpg,sim,s9.chianca.net
1003347,Ar COND. Elgin 9.000 Btus Eco Inverter 220V,1003347.jpg,sim,s9.chianca.net
7898945166560,Ar Cond 12000 Midea,7898945166560.jpg,sim,s9.chianca.net
7891356119569,Ar Cond 9000 Philco,7891356119569.jpg,sim,s9.chianca.net
1003606,Ar Cond Elgin Invert 32 24000 - Branco - 220V,(placeholder),nao,-
1002498,Ar Cond Elgin Invert Fr R 32 9000 B - Branco - 220V,(placeholder),nao,-
7898753561977,Ar Cond Hisense Hw 12K 220 F Eco Plus In,(placeholder),nao,-
7898753561991,Ar Cond Hisense Hw 9K 220 F Eco Plus In,(placeholder),nao,-
1003400,Ar Cond Inverter 12000 Btu Frio Branco 220 V Uu,(placeholder),nao,-
70021,Ar Cond Inverter 9000 Btu - Branco - 220V Uu,70021.jpg,sim,s9.chianca.net
1003909,Ar Cond Midea 18000 Btu,(placeholder),nao,-
7896347148399,Asp Po Electrolux Hidrolux 1400W AWD01- 2 Preto 220 V,(placeholder),nao,-
1004288,B-01 Ventilador Super Turbo 1.8 220/110 Cv,(placeholder),nao,-
1003981,Batedeira Pratica B-44 W Br 220V Mondial,(placeholder),nao,-
1003394,Bebedouro Esmaltec Coluna Branco 220V Xx,1003394.jpg,sim,s9.chianca.net
1003380,Botijao de Gas Uu,(placeholder),nao,-
1003967,Cafeteira 220V,(placeholder),nao,-
3016661157271,Cafeteira Arno Perfectta Cfpi Inox,(placeholder),nao,-
1004161,Cafeteira Nespresso Preta,(placeholder),nao,-
4895229150058,Caixa AMPL. Philips Party Speaker TAX5509/78 2400W,4895229150058.jpg,sim,s9.chianca.net
7899710024405,Chaleira Elet Kian 1.8L Inox 220V CH-100 Kian,(placeholder),nao,-
7899980102995,Combo Kross TEC/MOUSE C/FIO KE-KM400V1 2,(placeholder),nao,-
7899639788693,Cooktop Realce 4B Pto,(placeholder),nao,-
7908598500755,Cooler Alltek Processador 65W,(placeholder),nao,-
1003980,Cortador de Cabelo Easy Cut CO100 Preto,(placeholder),nao,-
7898753561984,Evap Hisense Hw 12K 220 F Eco Plus In,(placeholder),nao,-
7898753562004,Evap Hisense Hw 9K 220 F Eco Plus In,(placeholder),nao,-
7898945167949,Evap Midea Hw 12K 220 F Air In,(placeholder),nao,-
7891356119552,Evap Philco Hw 9K 220 F PAC9FC In,(placeholder),nao,-
1003488,Ferro a Seco Mondial 220V/60HZ Uu,1003488.jpg,sim,s9.chianca.net
7908853800316,Fogao Atlas Gas 4Q Milao Bco 25,7908853800316.jpg,sim,s9.chianca.net
1003481,Fogao Atlas Gas 4Q Milao Plus Bco 24,1003481.jpg,sim,s9.chianca.net
7908853800446,Fogao Atlas Gas 4Q Milao Plus Bco 25,7908853800446.jpg,sim,s9.chianca.net
1003482,Fogao Atlas Gas 4Q Milao Plus Pto 24,1003482.jpg,sim,s9.chianca.net
7908853800439,Fogao Atlas Gas 4Q Milao Plus Pto 25,7908853800439.jpg,sim,s9.chianca.net
7908853800309,Fogao Atlas Gas 4Q Milao Pto 25,(placeholder),nao,-
1003483,Fogao Atlas Gas 5Q Milao Plus Bco 24,1003483.jpg,sim,s9.chianca.net
7908853800453,Fogao Atlas Gas 5Q Milao Plus Bco 25,7908853800453.jpg,sim,s9.chianca.net
1003484,Fogao Atlas Gas 5Q Milao Plus Pto 24,1003484.jpg,sim,s9.chianca.net
7908853800460,Fogao Atlas Gas 5Q Milao Plus Pto 25,7908853800460.jpg,sim,s9.chianca.net
1004214,Fogao Cooktop 4B Mesa Vidro Bivot,(placeholder),nao,-
1003469,Fogao Cooktop Atlas 5B Mesa Vidro Preto Bivol T Uu,(placeholder),nao,-
1004424,Fogao Eletrico 2 Bocas,(placeholder),nao,-
7892946442883,Fogao Itatiaia Star Clean New 4Q Bra,7892946442883.jpg,sim,s9.chianca.net
7892946442890,Fogao Itatiaia Star Clean New 4Q Pto,7892946442890.jpg,sim,s9.chianca.net
7892946442944,Fogao Itatiaia Star New 5Q Bra,7892946442944.jpg,sim,s9.chianca.net
7892946442951,Fogao Itatiaia Star New 5Q Pto,7892946442951.jpg,sim,s9.chianca.net
6015034210268,Fonte Vxpro 230W VX230SE sem Cabo,(placeholder),nao,-
7896067222638,Forno MICRO-ONDAS 21L NN-ST24 Qwruk Panasonic,(placeholder),nao,-
1004349,Forno MICRO-ONDAS 21L NN-ST25 Lwruk Panasonic,(placeholder),nao,-
7899963913907,Freezer Horizontal 309L Br Consul 220,7899963913907.jpg,sim,s9.chianca.net
7908198023470,Freezer Horizontal Branco Bivolt,7908198023470.jpg,sim,s9.chianca.net
7908198022916,Freezer Midea Horiz Inver MDRC411 293L Biv Md RC411FZD013 B,(placeholder),nao,-
1003694,Freezer Vertical,(placeholder),nao,-
1004209,Frezer 1 Porta Branco 220 V,(placeholder),nao,-
1003974,Frigobar 93L Bivolt Uu,1003974.jpg,sim,s9.chianca.net
7908412546631,Frigobar Elgin 45BAFN 93L 1F Preto 220V,7908412546631.jpg,sim,s9.chianca.net
7908412525414,Fritadeira Air Fryer AFG42 1400W Preto,(placeholder),nao,-
1003800,"Fritadeira ELET. Elgin Air Fryer Pratica Fry 3,7L Preto 22",1003800.jpg,sim,s9.chianca.net
1001910,Fritadeira Eletrica S/OL Eo 5L 1400W 220V,(placeholder),nao,-
7908598500489,Gabinete Alltek ATK20 S/FONTE Preto,(placeholder),nao,-
1004143,Garrafa de Cafe,(placeholder),nao,-
1003975,Geladeira Brastemp 375 Litros,(placeholder),nao,-
7891129588912,Geladeira Consul 333L CRM40MBB 2P 220V Bco,(placeholder),nao,-
7891129589063,Geladeira Consul 377L CRM44MBBNA 2P 220V Bco,7891129589063.jpg,sim,s9.chianca.net
3836,Geladeira Consul CRD37 333L CRD37EBBNA Branco 220 V,(placeholder),nao,-
7891129588851,Geladeira Consul CRD37MB 332L Branco 220 V Geladeira Esmaltec Inverter 245 Litros 220 Vo,7891129588851.jpg,sim,s9.chianca.net
1004374,LIQUID.L-550-B Preto 220V Mondial,(placeholder),nao,-
1003770,Lavadora Midea 13KG Branco 220 V,(placeholder),nao,-
7898761370097,Lavadora Midea Wave 15KG Branco 220 V,7898761370097.jpg,sim,s9.chianca.net
1002895,Lavadora Wanke Black 10KG 220V LWBE100T 60 - Cat Comfort U,1002895.jpg,sim,s9.chianca.net
1002896,Lavadora Wanke Branca 10KG 220V LWBE100T 6 - Cat Comfort,1002896.jpg,sim,s9.chianca.net
1002897,Lavadora Wanke Silver 10KG 220V LWBE100T 6 - Cat Comfort,1002897.jpg,sim,s9.chianca.net
1003489,Liquidificador 220V/60HZ Uu,1003489.jpg,sim,s9.chianca.net
1002852,Liquidificador Arno Power Mix 220V Branco LQ1 2 LN2801B2,(placeholder),nao,-
1002851,Liquidificador Arno Power Mix 220V Vermelho L Q11 LN2805B2,(placeholder),nao,-
1004196,Liquidificador Power Mix 220V,(placeholder),nao,-
7899882317770,Liquidificador Ultra 550W Preto 220V,(placeholder),nao,-
1003757,MICRO-ONDAS 21L Preto 220V/60HZ Uu,1003757.jpg,sim,s9.chianca.net
7898945167833,MICRO-ONDAS Midea Mastercook 20 Lt Branco 220 V,(placeholder),nao,-
1003854,Mangueira para Gás com Registro,(placeholder),nao,-
7908598500885,Mb Alltek In H81 1150 DDR3 M-ATX,(placeholder),nao,-
7898571463354,Mem Brazilpc DDR3 8GB 1600MHZ Pc,(placeholder),nao,-
1003381,Microondas,(placeholder),nao,-
7893299913099,Microondas Lg 30L MS3091BCA Bco 220V,(placeholder),nao,-
1003468,Microondas Mondial 34 Litros,1003468.jpg,sim,s9.chianca.net
1003839,Microondas Whirpool BMS46AR 28 a 32 L Cinza 2 20V,(placeholder),nao,-
1003979,Mixer Elgin 42MIX1002000 200W Branco 220 V,(placeholder),nao,-
7791765401104,Monitor Vxpro Led 19 Hd VX190X Flt,(placeholder),nao,-
0198157141896,Notebook Lenovo I3 8GB 256GB 15.60 W11,(placeholder),nao,-
7899710024924,Pipoqueira Elet Kian 1BOC Vm 220V POP01 Kian,(placeholder),nao,-
843715105222,Processador Intel I5 4570 3.2GHZ 1150BK2,(placeholder),nao,-
1004442,Purificador de Agua,(placeholder),nao,-
7891129589087,Refrigerador Consul CRM44MK Inver F.FREE 377L CRM44MKBNA I,7891129589087.jpg,sim,s9.chianca.net
1003141,Sanduicheira Cadence Toast e Grill 750W SAN26 1-220 Vermelh,1003141.jpg,sim,s9.chianca.net
1003535,Sanduicheira Grill 220V Uu,1003535.jpg,sim,s9.chianca.net
1004017,Sanduicheira Grill Elgin SAN40 220V,1004017.jpg,sim,s9.chianca.net
1001858,Skd Caixa AMPLIF. Amvox Aca 331 Groove Ii,1001858.jpg,sim,s9.chianca.net
7908598500656,Ssd Alltek 256GB Sata Iii,(placeholder),nao,-
7898516480019,Televisor Smart 43 100202055480 Efl,(placeholder),nao,-
7898620272500,Tv 32 Philips Smart Hd 32PHG6910/78 32PHG6910 /78 Preto Biv,(placeholder),nao,-
1003776,Tv 32 Smart Android Hd Uu,1003776.jpg,sim,s9.chianca.net
1003236,Tv 32 Smart Led Aoc,1003236.jpg,sim,s9.chianca.net
1003837,Tv 40P Led Smart,1003837.jpg,sim,s9.chianca.net
1004321,Tv 50 Led Smart,(placeholder),nao,-
7898620272357,Tv Aoc 40 Smart Roku Dled Hd Preto Bivolt,(placeholder),nao,-
1003714,Tv Aoc 43 Smart Led,1003714.jpg,sim,s9.chianca.net
1003703,UNID. EVAP. Elgin 18.000 Btus Eco Dream Inver Ter 220V,(placeholder),nao,-
7896443138324,VENT. Mallory Eolo Coluna Pto 220V 40CM 6P,(placeholder),nao,-
1001985,Vent 30CM Mallory Eco B94401062 PRETO/GRAFITE 220 Volts,1001985.jpg,sim,s9.chianca.net
1003853,Vent 40CM Mondial Super Power VSP-40-AP 4412- 02 Preto,1003853.jpg,sim,s9.chianca.net
1003152,Vent 50CM Wap Coluna Flow Turbo 180W FW009221 PRETO/CINZA,(placeholder),nao,-
7899831300570,Vent 60CM Wap Coluna Rajada Pro FW006662 Preto Bivolt,(placeholder),nao,-
1004193,Ventilador 30CM VTR310 Mesa Preto Cadence,(placeholder),nao,-
1004194,Ventilador 30CM VTR310 Mesa Preto Cadence,(placeholder),nao,-
1004159,Ventilador 40CM Cadence,(placeholder),nao,-
4371,Ventilador 40CM Mesa,(placeholder),nao,-
7898742840588,Ventilador 40CM VTR410 Mesa Preto Cadence,(placeholder),nao,-
7898649373004,Ventilador Amv 4126 Turbo Black 50CM Mesa 220 V,7898649373004.jpg,sim,s9.chianca.net
1002883,Ventilador Coluna Mondial,1002883.jpg,sim,s9.chianca.net
5001,Ventilador Mallory 30CM Turbo Compact PRETO/G,5001.jpg,sim,s9.chianca.net
1003690,Ventilador Mallory 40CM Turbo Fresh Preto 220 Volts,1003690.jpg,sim,s9.chianca.net
1002869,Ventilador Mondial Coluna 40CM VSP-40C-NB 538 9-02 PRETO/PR,1002869.jpg,sim,s9.chianca.net
1003756,Ventilador Mondial Super Power 30 Cm Preto 220V/ 60HZ,1003756.jpg,sim,s9.chianca.net
1003487,Ventilador Mondial Super Power 40CM Branco 220V/6 0HZ Uu,1003487.jpg,sim,s9.chianca.net
1003480,Ventilador Parede Ventisol Monta Facail Preto Uu,1003480.jpg,sim,s9.chianca.net
1004396,Ventilador de Parede,(placeholder),nao,-
100968,Armario Multiuso Utile Belmont,(placeholder),nao,-
1004093,Armario de Aco 12 Pts,(placeholder),nao,-
1003486,Armario de Aco 16 Pts,(placeholder),nao,-
7898574583318,G. Roupa Acp Isabely 4 Pts Capelinha Mdp - Ci NAMOMO/OFF Wh,7898574583318.jpg,sim,s9.chianca.net
7898574584193,G. Roupa Acp Isabely 4 Pts Capelinha Mdp - Ci Namomo,7898574584193.jpg,sim,s9.chianca.net
7899630675527,G. Roupa Caemmun Moviment Lux 1.8 FREIJO/OFF/ Sued,7899630675527.jpg,sim,s9.chianca.net
7899630677484,G. Roupa Caemmun Moviment Lux 2.4 FREIJO/OFF/ Sued,7899630677484.jpg,sim,s9.chianca.net
7899630674780,G. Roupa Caemmun Sereno Lux 1.36 FREIJO/OFF W Hite,7899630674780.jpg,sim,s9.chianca.net
7895183121849,Guarda Demobile Roupa Casal 10P New Murano Cinamon /OFF White,(placeholder),nao,-
1003396,"Guarda Roupa Acp Agata 4 Pts Mdp - CIN/OFF W (A:.2 ,10 x 1,33",1003396.jpg,sim,s9.chianca.net
1003652,"Guarda Roupa Acp Agata 6 Pts MDP-CINAMOMO/OFF Whit E(A:2,12X L:1",1003652.jpg,sim,s9.chianca.net
1002466,"Guarda Roupa Acp Agata 6 Pts Mdp - Branco (A: 213, 8 x 199 x",1002466.jpg,sim,s9.chianca.net
1002651,"Guarda Roupa Acp Agata 6 Pts Mdp - NAT/OFF White ( 213,8 x",1002651.jpg,sim,s9.chianca.net
1375,"Guarda Roupa Acp Ayla 2 Pts - Branco (A:188X L:140 x P:46,5)",1375.jpg,sim,s9.chianca.net
1002650,Guarda Roupa Acp Bello Prime 4 Pts - Branco Unico Yy,(placeholder),nao,-
1001907,Guarda Roupa Acp Belmont 04 Pts - NATURE/OFF White ( Unico ) Yy,(placeholder),nao,-
7898574586661,Guarda Roupa Acp Debora 6 Pts Capelinha C/ESP - Branco,7898574586661.jpg,sim,s9.chianca.net
7898574583486,Guarda Roupa Acp Debora 6 Pts Capelinha C/ESP - Ci NAMOMO/OFF Wh,7898574583486.jpg,sim,s9.chianca.net
1003534,"Guarda Roupa Acp Deise 3PTS - Branco (A:2138,L:199 0, P:495)",1003534.jpg,sim,s9.chianca.net
1003292,"Guarda Roupa Acp Deise 3PTS - CIN./OFF WHITE/CIN ( A:2138,L:1990",1003292.jpg,sim,s9.chianca.net
7898757623947,Guarda Roupa Acp Deise 3PTS Plus - CINAMOMO/OFF Wh ITE/CINAMOMO,(placeholder),nao,-
7898574584049,Guarda Roupa Acp Emily Gold 4 Pts Capelinha Mdp - Branco,7898574584049.jpg,sim,s9.chianca.net
7898574584070,Guarda Roupa Acp Emily Gold 4 Pts Capelinha Mdp - CINAMOMO/OFF,7898574584070.jpg,sim,s9.chianca.net
1486,Guarda Roupa Acp Gabriela 3 Portas - CINAMOMO/OFF White (UNICO),(placeholder),nao,-
1003650,Guarda Roupa Acp Helena Prime 2 PTS-CINAMOMO/OFF W HITE/CINAMOMO,1003650.jpg,sim,s9.chianca.net
1002176,Guarda Roupa Acp Helena Prime 2 Pts - Branco (A: 2 00X L:160 x P,1002176.jpg,sim,s9.chianca.net
1002356,Guarda Roupa Acp Helena Prime 2 Pts - NAT/OFF Whit e 200X,1002356.jpg,sim,s9.chianca.net
1107,Guarda Roupa Acp Heloisa Prime - Cafe (A: 210 x L: 180 x 51),(placeholder),nao,-
7898757621332,Guarda Roupa Acp Jamile 6 Pts - Branco,7898757621332.jpg,sim,s9.chianca.net
1003397,Guarda Roupa Acp Jamile 6 Pts - CINAMOMO/OFF White (A:220XL:205X,1003397.jpg,sim,s9.chianca.net
1002178,"Guarda Roupa Acp Lana 06 Pts - Branco (A:188 x L:1 64,10 x P:39,",1002178.jpg,sim,s9.chianca.net
7898574583516,Guarda Roupa Acp Lana 06 Pts - CINAMOMO/OFF White,7898574583516.jpg,sim,s9.chianca.net
1002180,"Guarda Roupa Acp Lana 06 Pts - NAT/OFF White (A:18 8 x L:164,10",1002180.jpg,sim,s9.chianca.net
1002357,"Guarda Roupa Acp Lana Prime 04 Pts - Branco (A:188 x L:109,80 x",1002357.jpg,sim,s9.chianca.net
1002283,Guarda Roupa Acp Lana Prime 04 Pts - NAT/OFF Whit (A:188 x L:10,(placeholder),nao,-
1004289,Guarda Roupa Acp Lorena 2 Pts - Branco,1004289.jpg,sim,s9.chianca.net
1004290,Guarda Roupa Acp Lorena 2 Pts - CINAMOMO/OFF White /CINAMOMO,1004290.jpg,sim,s9.chianca.net
1002461,"Guarda Roupa Acp Maya 3 Pts Mdp - Branco (A: 180 x 75,3 x",1002461.jpg,sim,s9.chianca.net
3988,Guarda Roupa Acp Maya 3 Pts Mdp - CINAMOMO/OFF Whi Te,3988.jpg,sim,s9.chianca.net
1002574,Guarda Roupa Acp Maya 3 Pts Mdp - NAT/OFF White (A 180 x 75,1002574.jpg,sim,s9.chianca.net
1002982,Guarda Roupa Acp Maya 4 Pts Mdp - NATURE/OFF White,1002982.jpg,sim,s9.chianca.net
506,Guarda Roupa Acp Melissa 02 Pts - BRAN/ROSA/AZUL/L Ilas,506.jpg,sim,s9.chianca.net
7898574583202,Guarda Roupa Acp Melissa 02 Pts - CINAMOMO/OFF Whi Te,7898574583202.jpg,sim,s9.chianca.net
990,Guarda Roupa Acp Nubia C/ESP 06PTS - NATURE/OFF Wh ITE(A:230XL:2,(placeholder),nao,-
1002459,Guarda Roupa Acp Paolla 6 Pts Mdp - Branco (A: 205 x 180 x P,1002459.jpg,sim,s9.chianca.net
7898574583479,Guarda Roupa Acp Paolla 6 Pts Mdp - CINAMOMO/OFF W Hite,7898574583479.jpg,sim,s9.chianca.net
1002460,Guarda Roupa Acp Paolla 6 Pts Mdp - NAT/OFF White 205 x,1002460.jpg,sim,s9.chianca.net
7898757623688,Guarda Roupa Acp Stella 8PTS - Branco,7898757623688.jpg,sim,s9.chianca.net
7898757623701,Guarda Roupa Acp Stella 8PTS - CINAMOMO/OFF White,7898757623701.jpg,sim,s9.chianca.net
1004393,Guarda Roupa Acpisabely 4 Pts Capelinha Mdp - Branco,1004393.jpg,sim,s9.chianca.net
7899630676241,Guarda Roupa Caemmun Eden 1.6 FREIJO/OFF White,7899630676241.jpg,sim,s9.chianca.net
7899630676135,Guarda Roupa Caemmun Eden 2.3 FREIJO/OFF White,7899630676135.jpg,sim,s9.chianca.net
7908548404621,Guarda Roupa Conquista Trento 2P Correr CNMM/OFW,(placeholder),nao,-
1001714,Guarda Roupa Demobile 4P Lotus BRANCO/ROSA,(placeholder),nao,-
7895183122037,Guarda Roupa Demobile Giardino 6 Pts com Pe Cinamo N/OFF White,7895183122037.jpg,sim,s9.chianca.net
7895183121702,Guarda Roupa Demobile Guaruja 6 Pts CINAMON/OFF Wh Ite,7895183121702.jpg,sim,s9.chianca.net
1002797,"Guarda Roupa Dj Adam FREIJO/FREIJO ( 1,60 x 2,00 1 00% MDF)",(placeholder),nao,-
200755,Guarda Roupa Josan Audace 2 Portas com Pe - BCO/BC o,(placeholder),nao,-
60065,"Guarda Roupa Josan Olimpio 4 Pts com Pe - BRANCO(A :187XL:107,7X",60065.jpg,sim,s9.chianca.net
60066,Guarda Roupa Josan Olimpio 4 Pts com Pe - CINAMO/O FF(A:187XL:10,60066.jpg,sim,s9.chianca.net
60032,"Guarda Roupa Josan Olimpio 6 Pts com Pe - BRANCO(A :178XL:146,5X",60032.jpg,sim,s9.chianca.net
60033,Guarda Roupa Josan Olimpio 6 Pts com Pe - CINAMO/O FF(A:178XL:14,60033.jpg,sim,s9.chianca.net
600245,Guarda Roupa Josan Olimpio 6 Pts com Pe - Cinamomo,(placeholder),nao,-
600234,Guarda Roupa Josan Safira 10 Pts - PE/ESPELHO Branco,600234.jpg,sim,s9.chianca.net
600235,Guarda Roupa Josan Safira 10 Pts - PE/ESPELHO Cina MO/OFF,600235.jpg,sim,s9.chianca.net
7908058116236,Guarda Roupa Josan Safira 10 Pts Plus - com Pe Branco,(placeholder),nao,-
1001127,Guarda Roupa Josan Veron S/ESPELHO 6 Pts C/PE Bco (A:220 x L:19,(placeholder),nao,-
1003300,"Guarda Roupa Mx Bagda 3 Pts com Esp CAST./OFF W (A2 32,5 x L1,60",1003300.jpg,sim,s9.chianca.net
1003463,"Guarda Roupa Mx Tauri 8 Portas MARROCOS/OFF WHITE( A:200XL:236,8",1003463.jpg,sim,s9.chianca.net
1003176,Guarda Roupa Panan Cecilia 6 Pts com Pes Branco (A2 31 x L 234 x,(placeholder),nao,-
1002972,Guarda Roupa Rufato Grecia 4 Preto com Pes - NAT/OFF W /NAT (A200 x,1002972.jpg,sim,s9.chianca.net
1002971,Guarda Roupa Rufato Grecia 6 Preto C/PES-NATUR/OFF Wh ITE/NATUR(A:2,1002971.jpg,sim,s9.chianca.net
1003310,Guarda Roupa Rufato Grecia 6 Preto com Pes - NAT/NAT/N At (A200 x L1,1003310.jpg,sim,s9.chianca.net
1003312,Guarda Roupa Rufato Hawaii 6 Preto C/PES - NAT/NAT/NA T (A200 x L18,1003312.jpg,sim,s9.chianca.net
1002973,Guarda Roupa Rufato Hawaii 6 Preto com Pes - NATUR/OFF WHITE/NATUR,1002973.jpg,sim,s9.chianca.net
1003458,Guarda Roupa Rufato Oslo 3 Preto Correr C/PES-NATUR/O Ff WHITE(A:20,1003458.jpg,sim,s9.chianca.net
1003311,Guarda Roupa Rufato Oslo 3 Preto de Cor com Pes - NAT/ Nat (A 208X L,1003311.jpg,sim,s9.chianca.net
1001901,Guarda Roupa Rufato Rubi - CINAMOMO/OFFF Yy,(placeholder),nao,-
1002975,Guarda Roupa Rufato Veneza Luxo 3 Pts de Correr Branco C/PES,(placeholder),nao,-
1003680,Guarda Roupa S Andira Master New 8.4 C/PES JATOBA/ AREIA(A:224XL,1003680.jpg,sim,s9.chianca.net
1003681,"Guarda Roupa S Andira Master New 8.4 C/PES Jatobá (A:224XL:238,",1003681.jpg,sim,s9.chianca.net
1003682,"Guarda Roupa S. Andira Toledo 06 Pts JATOBA/AREIA( A:214XL:194,4",1003682.jpg,sim,s9.chianca.net
1003683,"Guarda Roupa S. Andira Toledo 06 Pts JATOBA/JATOBA (A:214XL:194,",1003683.jpg,sim,s9.chianca.net
1002252,Guarda Roupa Salleto New Star 3 Pts C/08 PES/ESP - CIN/OFF(A:22,1002252.jpg,sim,s9.chianca.net
7899931143176,Guarda Roupa Salleto Panama 3 Portas C/08 PES/ESP - CIN/OFF(A:2,7899931143176.jpg,sim,s9.chianca.net
7899931139124,Guarda Roupa Salleto Star 2 Pts C/06 Pes - C/ESP - CIN/OFF(A:22,7899931139124.jpg,sim,s9.chianca.net
1003786,Guarda Roupa Tcil Sevilla 6 Ptas 8GAV C/10 Pes - C IN/OFF White,1003786.jpg,sim,s9.chianca.net
1002468,Guarda Roupa Tcil Sevilla 6 Ptas 8GAV C/PE - CIN/C In (A:240 x L,1002468.jpg,sim,s9.chianca.net
1002474,Guarda Roupa Tcil Veneza 6 Ptas C/PE - CIN/OFF W ( A:240 x L:239,1002474.jpg,sim,s9.chianca.net
1004311,Guarda Roupa Tigus Fly 4P Flex BRANCO/AMADEIRADO,1004311.jpg,sim,s9.chianca.net
1001768,Multiuso Acp Iris C/CHAVE - Branco,1001768.jpg,sim,s9.chianca.net
200617,Multiuso Avulso,(placeholder),nao,-
60035,Multiuso Josan Versatile C/PE - CINAMO/OFF(A: 180XL:54XP:30,60035.jpg,sim,s9.chianca.net
60034,Multiuso Josan Versatile C/PE - CINAMOMO(A:18 0XL:54XP:30),60034.jpg,sim,s9.chianca.net
6002,Multiuso Josan Versatile C/PE Branco Xxx,6002.jpg,sim,s9.chianca.net
1003296,Multiuso Mx Elara MU019 Branco Neve,1003296.jpg,sim,s9.chianca.net
1003297,"Multiuso Mx Elara MU019 MARROCOS(A:182XL:61XP :39,7)",1003297.jpg,sim,s9.chianca.net
7898757624333,Rp Isabely Plus 4 Pts Capelinha Mdp - Branco,(placeholder),nao,-
1004411,ACESSORIOS....................COD 91401 Incol Or,(placeholder),nao,-
1004412,BASE.....879 335 012MDP Cinamon,(placeholder),nao,-
1004425,Base INTERMEDIARIA.....879 240 012MDP Avena F Osco,(placeholder),nao,-
7909875278121,Base Kappesberg Antonela Canela de Madeira,7909875278121.jpg,sim,s9.chianca.net
1003902,Base Kappesberg Damiana Canela Off White Mad SEQ.2,(placeholder),nao,-
3898,Base Kappesberg Damiana Vid Canela Off White Zzz,3898.jpg,sim,s9.chianca.net
7909875953929,Base Kappesberg Lotus CANELA/OFF White Zzz,7909875953929.jpg,sim,s9.chianca.net
1004427,Batente FRONTAL.....638 85 012MDP Avena,(placeholder),nao,-
1004428,Batente TRASEIRO.....638 85 012MDP Avena,(placeholder),nao,-
1004429,CHAPEU.....879 240 012MDP Avena,(placeholder),nao,-
300234,CONJ. Doha Mesa Free 1.30X85,(placeholder),nao,-
1003911,CONJ. Mesa Art C/04 Cad IZA-TEC 506 (AVELA) M El 120X90,(placeholder),nao,-
1003910,CONJ. Mesa Art C/04 Cad Iza -TEC 506 (AVELA) Mel 90X90,1003910.jpg,sim,s9.chianca.net
1004217,"CONJ. Mesa Art Pedro C/04 Cad Iza - Tec 505 M El 0,90X0,90",1004217.jpg,sim,s9.chianca.net
1004216,"CONJ. Mesa Art Pedro C/04 Cad Iza - Tec 505 M El 1,20X0,80",1004216.jpg,sim,s9.chianca.net
1004066,"CONJ. Mesa Art Pedro C/04 Cad Iza - Tec 506 ( AVELA) Mel 1,",(placeholder),nao,-
1004067,CONJ. Mesa Art Pedro C/04 Cad Iza - Tec 507 ( CHUMBO) Mel 1,(placeholder),nao,-
1003912,CONJ. Mesa Art Pedro C/04 Cad Iza Tec 507 (CH UMBO) Me 90X9,1003912.jpg,sim,s9.chianca.net
1004300,CONJ. Mesa Francine 4 Cadeiras Mel,1004300.jpg,sim,s9.chianca.net
1004301,CONJ. Mesa Francine 6 Cadeiras Mel,1004301.jpg,sim,s9.chianca.net
7890027400838,"CONJ. Mesa Kasper 4 Cadeiras MAD. 9700 1,10 N Ogal",7890027400838.jpg,sim,s9.chianca.net
7908874301885,CONJ. Mesa Teixeira Marica 4 CAD.PRETO Branca GR.TOPAZIOQ,7908874301885.jpg,sim,s9.chianca.net
300235,CONJ. Zoe Mesa Loa Redonda,(placeholder),nao,-
1001944,Cadeira Ferrit Oggi Avulso TUB/ Pret,(placeholder),nao,-
1002359,Cadeira Kap UNID. Veludo Bege Peca Unica,(placeholder),nao,-
1001940,Cadeira Madeira Julia,(placeholder),nao,-
1003598,Cadeira Rufato Berlim Athenas Unid Off WHITE/ Imbuia Cad,(placeholder),nao,-
1003747,Cadeira de Mesa Tekshine Veludinho Chinchila,1003747.jpg,sim,s9.chianca.net
1003830,Cadeira de Mesa Tekshine Veludinho Cinza Paloma 12,(placeholder),nao,-
1003528,Cadeira de Mesa Tekshine Veludinho Ermine,1003528.jpg,sim,s9.chianca.net
1004197,Cadeira de Mesa Tekshine Veludinho Ermine,(placeholder),nao,-
1002786,Cadeira de Mesa Tekshine Veludinho Marrom 9,1002786.jpg,sim,s9.chianca.net
1002448,Cadeira de Mesa Tekshine Veludinho Pavemont 8,1002448.jpg,sim,s9.chianca.net
400117,Cadeira de Mesa Tekshine Veludinho Preta,400117.jpg,sim,s9.chianca.net
1001702,Cadeira de Mesa Tekshine Veludinho Safari,1001702.jpg,sim,s9.chianca.net
1003284,Cadeira de Mesa Tekshine Veludinho Tobacco 5,1003284.jpg,sim,s9.chianca.net
7909875173846,Cadeiras Kappesberg Crome Det Em Kor CAD166 D Eluxe Bege,(placeholder),nao,-
7909875173853,Cadeiras Kappesberg Crome Lisa CAD167 Deluxe Bege,(placeholder),nao,-
300119,Cama Feerit Campanha Branca,(placeholder),nao,-
0000027400982,Carrinho Churrasco Chocolate 1300,(placeholder),nao,-
600236,Conjunto 4 Cadeiras Sao Carlos Abeille Torino Pra Ta Mel com Apl,600236.jpg,sim,s9.chianca.net
600238,Conjunto 4 Cadeiras Sao Carlos Amelie Torino Prat a Cinamomo,600238.jpg,sim,s9.chianca.net
100820,Conjunto Jometal Grande 4L 1.115,(placeholder),nao,-
1002707,Conjunto Mesa Aco Coelho Havai Quad 4CAD Gr BR/PT N.09,(placeholder),nao,-
1002708,Conjunto Mesa Aco Coelho Madri Red 4CAD Gr PT/PT N.09,1002708.jpg,sim,s9.chianca.net
1001622,"Conjunto Mesa Aco Nobre Facinare 1,60X0,90 Vd Off Bege",(placeholder),nao,-
6008,"Conjunto Mesa Aco Nobre Liz Qd 0,80X0,80 Vd Champ CAD.DOVER -B",(placeholder),nao,-
6009,"Conjunto Mesa Aco Nobre Liz Qd 0,80X0,80 Vd Prt C Ad Dover C-94",(placeholder),nao,-
1003362,"Conjunto Mesa Kasper 4 CAD. Ass Mad 1,10 Caramelo",1003362.jpg,sim,s9.chianca.net
1003363,"Conjunto Mesa Kasper 6 CAD. Ass Mad 9100 1,50 Caramelo",(placeholder),nao,-
1003393,"Conjunto Mesa Paris 06 Cad Base Granito Bco 1,40X 75 150760 Gra",(placeholder),nao,-
1003391,"Conjunto Mesa Paris 4 Cad Base Granito Bco 1,20X7 5 150760 Gran",(placeholder),nao,-
1003390,"Conjunto Mesa Paris 4 Cad Base Granito Pta 1,20X7 5 150760 Gran",(placeholder),nao,-
1003387,"Conjunto Mesa Paris 4 Cad Tubo Bco 1,20X75 100760 Granito Ocre",(placeholder),nao,-
1003386,"Conjunto Mesa Paris 4 Cad Tubo Pta 1,20X75 100760 Granito Ocre",(placeholder),nao,-
1003392,"Conjunto Mesa Paris 6 Cad Base Granito Pta 1,40X7 5 150760 Gran",(placeholder),nao,-
1003389,"Conjunto Mesa Paris 6 Cad Tubo Bco 1,40X75 100760 Granito Ocre",(placeholder),nao,-
1003388,"Conjunto Mesa Paris 6 Cad Tubo Pta 1,40X75 100760 Granito Ocre",(placeholder),nao,-
1002969,Conjunto Mesa Rufato BERLIM/ATHENAS 120 Mdf Vid B Oucle Creme o,(placeholder),nao,-
1003316,Conjunto Mesa Rufato BERLIM/ATHENAS 120 Vidro Off WHITE/IMBUIA,(placeholder),nao,-
1003315,Conjunto Mesa Rufato Berlim Athenas 90 Vidro Off WHITE/IMBUIA,1003315.jpg,sim,s9.chianca.net
1003838,Conjunto Mesa Sao Carlos Red Elane 4 Cad Berlim Linho Naturall,(placeholder),nao,-
60024,Conjunto Mesa Sao Carlos Red Elane 4 Cad Elane Ba Gum Bege Cinamo,60024.jpg,sim,s9.chianca.net
6004,Conjunto Mesa Sao Carlos Red Elane 4 Cad Elane Ba Gum Bege Freijo,(placeholder),nao,-
6005,Conjunto Mesa Sao Carlos Red Elane 4 Cad Elane Ba Gum Bege Natura,6005.jpg,sim,s9.chianca.net
60015,Conjunto Mesa Sao Carlos Ret Giovana 4 Cad Elane - Bagum Bege,60015.jpg,sim,s9.chianca.net
60025,Conjunto Mesa Sao Carlos Ret Milena 4 Cad Elane F Osco Bagum Bege,60025.jpg,sim,s9.chianca.net
1002635,Conjunto Mesa Sao Carlos Ret Milena 4 Cad Elane F Osco Bagum Bege,(placeholder),nao,-
1002636,Conjunto Mesa Sao Carlos Ret Milena 4 Cad Elane F Osco Bagum Bege,1002636.jpg,sim,s9.chianca.net
7908005790861,Conjunto Mesa Sao Carlos Ret Milena 4 Cad Milena Bagum Bege Cina,(placeholder),nao,-
7908005754474,Conjunto Mesa Sao Carlos Ret Milena 4 Cad Milena Bagum Bege Frei,7908005754474.jpg,sim,s9.chianca.net
60026,Conjunto Mesa Sao Carlos Ret Milena 6 Cad Elane F Osco Bagum Bege,60026.jpg,sim,s9.chianca.net
1002637,Conjunto Mesa Sao Carlos Ret Milena 6 Cad Elane F Osco Bagum Bege,(placeholder),nao,-
1002638,Conjunto Mesa Sao Carlos Ret Milena 6 Cad Elane F Osco Bagum Bege,1002638.jpg,sim,s9.chianca.net
1002952,Conjunto Mesa Tozetto Brasil 04 Cad Freijo Acetin Ado Hb,1002952.jpg,sim,s9.chianca.net
1002953,Conjunto Mesa Tozetto Brasil 04 Cad Freijo Acetin Ado Tec Caram,1002953.jpg,sim,s9.chianca.net
1003879,Conjunto Mesa Tozetto Brasil C/6 Cadeiras Cor Fre Ijo,1003879.jpg,sim,s9.chianca.net
100312,Conjunto Mesa Turim 6 Cad Granito Tubo Branco,(placeholder),nao,-
1004426,Divisao Superior ESQUERDA.....515 240 012MDP Avena Fosco,(placeholder),nao,-
7899630631004,Escrivaninha Caemmun Cubic 0.9 Branco Bp (TX),7899630631004.jpg,sim,s9.chianca.net
7899630631011,Escrivaninha Caemmun Cubic 0.9 Chumbo,7899630631011.jpg,sim,s9.chianca.net
7899630670034,Escrivaninha Caemmun para Computador Tech [FSC] FREIJO/OFF W,7899630670034.jpg,sim,s9.chianca.net
1001723,Escrivaninha Jcm Aroeira Candian - Branco,(placeholder),nao,-
1001724,Escrivaninha Jcm Aroeira Candian - NORONHA.OF F White,(placeholder),nao,-
1001728,Escrivaninha Jcm Felicia Candian - Noronha,(placeholder),nao,-
953,Escrivaninha Valdemoveis Office - BCO/FOS,(placeholder),nao,-
1004441,Espelho Roupeiro CLAPTON/SERENO com 2 Furos 70 0X 350X 3 1X1,(placeholder),nao,-
1004413,Lateral Superior DIREITA.....960 240 012MDP C Inamon Fosco,(placeholder),nao,-
1004410,Lateral Superior ESQUERDA.....960 240 012MDP Cinamon Fosco,(placeholder),nao,-
1001433,Mesa Canaa 4 Cadeiras,(placeholder),nao,-
1001434,Mesa Canaa 6 Cadeiras,(placeholder),nao,-
629,Mesa Computador Bello Byte - Cas,(placeholder),nao,-
628,Mesa Computador Valdemoveis Byte - Bco,(placeholder),nao,-
7908365545934,Mesa Dj Celeste - Tampo CHANF. Madeira 1830X1 000X25 Cedro,7908365545934.jpg,sim,s9.chianca.net
100315,Mesa Eva Roma 6 Cad C/ENC. Br /GRANITO,(placeholder),nao,-
100753,Mesa Eva Vick Br 04 CAD. Enc,(placeholder),nao,-
100415,Mesa Ferrit Mirage 4 Cad Quadrada Tubo Branca,(placeholder),nao,-
1001937,Mesa Ferrit Mirage 4 Cad Redonda Tubo Preta,(placeholder),nao,-
200889,Mesa Ferrit Turim 06 Cad Granito e Pes Granit o Branco,(placeholder),nao,-
1004379,Mesa Ferrit Turim 06 Cad Granito e Pes Granit o Preto,(placeholder),nao,-
1004271,Mesa Ferrit Turim 4 Cad Base Tubo Granito Branca,(placeholder),nao,-
1004266,Mesa Ferrit Turim 4 Cad Base Tubo Granito Preto,(placeholder),nao,-
100323,Mesa Ferrit Turim 4 Cadeiras Pes Granito Preto,(placeholder),nao,-
100314,Mesa Ferrit Turim 4CAD BRANCO/PES Granito,100314.jpg,sim,s9.chianca.net
100301,Mesa Ferrit Turim 6 Cad Granito Tubo Preto,(placeholder),nao,-
7909875154593,Mesa Kappesberg Jade Redonda Canela,7909875154593.jpg,sim,s9.chianca.net
1003314,Mesa Rufato BERLIM/ATHENAS 120 Vidro Off Whit E/NATURALE,1003314.jpg,sim,s9.chianca.net
600237,Mesa Sao Carlo Etoile Red Vd Off White Mel Of F WHITE(100 x,600237.jpg,sim,s9.chianca.net
7908005791318,Mesa Sao Carlos Lais Red Vidro Off White Cina MOMO/OFF Whit,7908005791318.jpg,sim,s9.chianca.net
7908005790786,Mesa Sao Carlos Requinte Quad Vidro Off White CINAMOMO/OFF,(placeholder),nao,-
60017,Mesa Sao Carlos Requinte Quad Vidro Off White NATURALLE/OF,60017.jpg,sim,s9.chianca.net
60016,Mesa Sao Carlos Ret Elane NATURALLE/OFF White ( Ùnica ),60016.jpg,sim,s9.chianca.net
1259,Mesa São Carlos Ret Elane FREIJO/OFF ( Unica ),(placeholder),nao,-
1002192,Mesa de Cabeceira Bechara Ipanema PTF/NAT-(4. 0000 ),(placeholder),nao,-
1002158,Mesa de Centro Hb Marche - NATURE/OF White,(placeholder),nao,-
1002161,Mesa de Centro Hb Vitta - Of WHITE/CINAMOMO,(placeholder),nao,-
1002160,Mesa de Centro Hb Vitta - PRETO/CARVALHO,(placeholder),nao,-
1003692,Mesa de Escritorio sem Gaveta,(placeholder),nao,-
1004430,Porta Inferior MENOR.....528 471 015MDP Avena /GRAFITO Prim,(placeholder),nao,-
1004414,TAMPO.....907 355 015MDP Cinamon Touch,(placeholder),nao,-
7909875286362,Tampo Kappesberg Mesa Jantar 1050X1050 C Vidr o Off Withe D,7909875286362.jpg,sim,s9.chianca.net
7909875015283,Tampo Kappesberg Mesa Jantar 1200X800 C Vidro Zzz,7909875015283.jpg,sim,s9.chianca.net
7909875015269,Tampo Kappesberg Mesa Jantar 1600X900 C Vidro Zzz,7909875015269.jpg,sim,s9.chianca.net
7909875016402,Tampo Redondo Mesa Jantar 105 Cm C Vidro Off White de Made,(placeholder),nao,-
1003036,Home Colibri Jurere 1500 - Off White Matte / Freijo,1003036.jpg,sim,s9.chianca.net
383,Home Dj Citta Off WHITE/CARVALHO Americano,383.jpg,sim,s9.chianca.net
1002925,Home Hb Artheo 1.6 - CINAMOMO/OFF White,1002925.jpg,sim,s9.chianca.net
1003471,Home Hb Orbis 1.36 - CINAMOMO/OFF White,(placeholder),nao,-
1356,Home Hb SUSP. Illusion - NATURE/OFF White,(placeholder),nao,-
1360,Home Hb SUSP. Ores 1.8 - Branco Yy,1360.jpg,sim,s9.chianca.net
1358,Home Hb SUSP. Ores 1.8 - NATURE/OFF White,(placeholder),nao,-
1002512,Home Imcal Ripado Slim 1.4 NATURE/OFF White Y,(placeholder),nao,-
1003088,Home Painel Suspenso Colibri Jurere Off White MATTE/FREIJO,1003088.jpg,sim,s9.chianca.net
1004448,Lateral Direita Guarda Roupa Sereno 1.36 (1.2 ) Freijo,(placeholder),nao,-
1004449,Lateral Esquerda Guarda Roupa Sereno 1.36 (1. 2) Freijo,(placeholder),nao,-
1001873,Nicho Hb Suspenso Form - DECK/OFF White,(placeholder),nao,-
1002769,Painel Avelan Pontal 1.80X20-0 - FRE/OFF Yy,(placeholder),nao,-
995,Painel Bello BR/ Brilho,(placeholder),nao,-
7899630676661,Painel Caemmun Ritmo 1.36 FREIJO/OFF White,7899630676661.jpg,sim,s9.chianca.net
7908365546795,Painel Dj Avany com Led CEDRO/BALI,7908365546795.jpg,sim,s9.chianca.net
7908365537984,Painel Dj Ben BALI/CEDRO,7908365537984.jpg,sim,s9.chianca.net
1004314,Painel Dj Ector CEDRO/BALI,1004314.jpg,sim,s9.chianca.net
7908365530213,Painel Dj Extensivel Trend CEDRO/BALI,7908365530213.jpg,sim,s9.chianca.net
7908365546320,Painel Dj Iris CEDRO/BALI,7908365546320.jpg,sim,s9.chianca.net
7908365529842,Painel Dj Lume Freijo,7908365529842.jpg,sim,s9.chianca.net
7908365546382,Painel Dj Mark CEDRO/BALI,7908365546382.jpg,sim,s9.chianca.net
1002261,Painel Edn Fox New CEDRO/OFF White 778167,1002261.jpg,sim,s9.chianca.net
7898440678513,Painel Hb Evo 1.36 - CINAMOMO/OFF White,7898440678513.jpg,sim,s9.chianca.net
2690,Painel Hb Lets 1.6 - CINAMOMO/OFF White,2690.jpg,sim,s9.chianca.net
1364,Painel Hb Life 1.36 - Branco Yy,(placeholder),nao,-
1002513,Painel Imcal Slim 2.2 NATURE/OFF White,(placeholder),nao,-
1003318,Painel Suspenso Colibri Egeu - Freijo / Off W Hite Matte,1003318.jpg,sim,s9.chianca.net
905,Painel Valdemoveis Atena - BCO/FOS Yy,905.jpg,sim,s9.chianca.net
1004447,Pinase Inferior Frontal Guarda Roupa Sereno 1 .36 (1.2) Fre,(placeholder),nao,-
1004446,Pinase Inferior Traseira Guarda Roupa Sereno 1.36 (1.2) Fr,(placeholder),nao,-
1002511,Aparador Imcal Ripado Slim 1.4 NATURE/OFF Whi Te,(placeholder),nao,-
1003037,Bancada Colibri Jurere 1500 - Freijo / Off Wh Ite Matte,1003037.jpg,sim,s9.chianca.net
1003002,Bancada Colibri Santorini - Off White Matte / Freijo 2M,(placeholder),nao,-
1003005,Bancada Colibri Veneza - Freijo / Off White M Atte,(placeholder),nao,-
1003038,Bancada Colibri Yara - Freijo / Off White Xx,1003038.jpg,sim,s9.chianca.net
1002079,Bancada Dj Bristol FREIJO/OFF White,(placeholder),nao,-
7908365546696,Bancada Dj Ector CEDRO/BALI,7908365546696.jpg,sim,s9.chianca.net
1003317,Bancada Edn Aruba Off WHITE/CEDRO 776290,1003317.jpg,sim,s9.chianca.net
2684,Bancada Hb Briz 1.36 - Off WHITE/CINAMOMO,2684.jpg,sim,s9.chianca.net
2685,Bancada Hb Briz 1.36 - PRETO/FREIJO,2685.jpg,sim,s9.chianca.net
2686,Bancada Hb Briz 1.80 - Off WHITE/CINAMOMO,2686.jpg,sim,s9.chianca.net
7898440679329,Bancada Hb Elara 2.0 - Cinamomo,7898440679329.jpg,sim,s9.chianca.net
7898440678773,Bancada Hb Elara 2.0 - Off WHITE/CINAMOMO,7898440678773.jpg,sim,s9.chianca.net
2688,Bancada Hb Graci 1.80 - CINAMOMO/OFF White,(placeholder),nao,-
1003687,Buffet Linea Aura 1.4 TAUARI/OFF White Fosco,1003687.jpg,sim,s9.chianca.net
1003688,Buffet Linea Evora 1.6 JEQUITIBA/OFF White Fo Sco,1003688.jpg,sim,s9.chianca.net
7899630670201,Composicao Caemmun New Oscar FREIJO/OFF White,7899630670201.jpg,sim,s9.chianca.net
7908365537373,Home Dj Henry 185 Cm XL: 182 Cm ),7908365537373.jpg,sim,s9.chianca.net
7898440677202,Home Hb Axis 1.6 - CINAMOMO/OFF White,7898440677202.jpg,sim,s9.chianca.net
7898440664868,Home Hb Titan 2.0 - CINAMOMO/OFF White,7898440664868.jpg,sim,s9.chianca.net
7898440677288,Home Hb Trinus 1.8 - CINAMOMO/OFF White,7898440677288.jpg,sim,s9.chianca.net
7898440671996,Home Susp Hb Galax 1.8 - Off WHITE/CINAMOMO,7898440671996.jpg,sim,s9.chianca.net
1002197,Rack Bechara Lazuli Off WHITE-(6.0000 ),(placeholder),nao,-
1002198,Rack Bechara Lazuli Preto FOSCO-(6.0000 ),(placeholder),nao,-
1002195,Rack Bechara Milao TIT/NAT-(3.0000 ),(placeholder),nao,-
7899630675428,Rack Caemmun Mondrian 1.36 S/GAV. Off White M R/FREIJO,7899630675428.jpg,sim,s9.chianca.net
7899630675435,Rack Caemmun Mondrian 1.5 com GAV. Off White M R/FREIJO,7899630675435.jpg,sim,s9.chianca.net
7908365528951,Rack Dj Flat CEDRO/BALI,7908365528951.jpg,sim,s9.chianca.net
7908365529002,Rack Dj Flow FREIJO/OFF White,7908365529002.jpg,sim,s9.chianca.net
7908365546283,Rack Dj Iris CEDRO/BALI,7908365546283.jpg,sim,s9.chianca.net
1002682,Rack Hb Smart 1.0 - CINAMOMO/OFF-WHITE,1002682.jpg,sim,s9.chianca.net
1002515,Rack Imcal Arc 2P 1.8 Off WHITE/NATURE,(placeholder),nao,-
7908365546399,Rack Mark CEDRO/BALI,7908365546399.jpg,sim,s9.chianca.net
1002298,CAD. REC. Artflex Doha Corino Bege,(placeholder),nao,-
1002609,CAD. REC. Artflex Doha Facto Bege,(placeholder),nao,-
1002680,CAD. REC. Artflex Doha Facto Stilo Marrom,(placeholder),nao,-
1002296,CAD. REC. Artflex Doha Facto Stilo Ocre,(placeholder),nao,-
1002299,CAD. REC. Artflex Doha Facto Stilo Preta,(placeholder),nao,-
1002297,CAD. REC. Artflex Doha Veludo Slim Camurca,(placeholder),nao,-
1002300,CAD. REC. Artflex Doha Veludo Slim Marfim,(placeholder),nao,-
1003144,Cadeira Escritorio Diretor Tela Mesh com Enco Sto de Cabeca,(placeholder),nao,-
1217,Cadeira de Balanço Apogeu,(placeholder),nao,-
1003145,Cadeira de Escritorio Diretor Giratoria Vita Preto,(placeholder),nao,-
1003143,Cadeira de Escritorio Ergonomica e Giratoria Xx,1003143.jpg,sim,s9.chianca.net
1003639,Cadeira do Papai Tekshine Reclinavel Bege,1003639.jpg,sim,s9.chianca.net
1003713,Cadeira do Papai Tekshine Reclinavel Chinchila 2,1003713.jpg,sim,s9.chianca.net
1003708,Cadeira do Papai Tekshine Reclinavel Cinza Paloma 12,1003708.jpg,sim,s9.chianca.net
1003752,Cadeira do Papai Tekshine Reclinavel Cor 13,1003752.jpg,sim,s9.chianca.net
1003712,Cadeira do Papai Tekshine Reclinavel Ermine 1 0,1003712.jpg,sim,s9.chianca.net
1003698,Cadeira do Papai Tekshine Reclinavel Marrom,1003698.jpg,sim,s9.chianca.net
1003697,Cadeira do Papai Tekshine Reclinavel Pavemont 8,1003697.jpg,sim,s9.chianca.net
1002131,POLTRONA. Artflex Esmeralda MAD. Linho Saturn o Gelo,(placeholder),nao,-
1002314,Poltrona Artflex Perola Mad Linho Twist 34,(placeholder),nao,-
1002301,Poltrona Artflex Perola Mad Linho Zavatex Cinza,(placeholder),nao,-
1002102,Poltrona Artflex Perola Mad Linho Zavatex Marfim 900000001,(placeholder),nao,-
1002302,Poltrona Artflex Perola Twist Tec / Cor 73,(placeholder),nao,-
1001151,Poltrona Esmeralda Tec Velud Preta,(placeholder),nao,-
1003208,Poltrona Jonas Almofadada Bege,(placeholder),nao,-
1003207,Poltrona Jonas Almofadada Cinza,(placeholder),nao,-
1003210,Poltrona Jonas Almofadada Marrom,(placeholder),nao,-
300224,Poltrona Jonas Almofadada Preta,(placeholder),nao,-
1003212,Poltrona Jonas Almofadada Vermelha,(placeholder),nao,-
1004302,Poltrona Jonas Baronesa Linho Azul,(placeholder),nao,-
1003478,Poltrona Jonas Baronesa Linho Bege,(placeholder),nao,-
1004303,Poltrona Jonas Baronesa Linho Cinza,(placeholder),nao,-
1003724,Poltrona Jonas Baronesa Linho Marrom,(placeholder),nao,-
1003203,Poltrona Jonas Baronesa Marrom,(placeholder),nao,-
40091,Poltrona Jonas Baronesa Tecido Preta,(placeholder),nao,-
1003202,Poltrona Jonas Baronesa Veludo Bege,(placeholder),nao,-
1001738,Poltrona Jonas Baronesa Veludo Cinza,(placeholder),nao,-
1003205,Poltrona Jonas Baronesa Veludo Vermelho,(placeholder),nao,-
1003027,Poltrona Jonas Santa Clara Tec Cinza,(placeholder),nao,-
1004402,Poltrona Londres - Velutti Bege,(placeholder),nao,-
2885,"Poltrona Matrix Dupla Jetta 1,56X1.110 K/CINZ a",(placeholder),nao,-
1003351,Poltrona Matrix Malta Veludo Chumbo 425,(placeholder),nao,-
1002274,Poltrona Matrix Onix 289 K/MARROM,1002274.jpg,sim,s9.chianca.net
1002286,Poltrona Matrix Onix 290 K/BEGE,1002286.jpg,sim,s9.chianca.net
1002660,Poltrona Matrix Onix 425 Tec Cinza,1002660.jpg,sim,s9.chianca.net
1002661,Poltrona Matrix Onix 426 Veludo Marrom,1002661.jpg,sim,s9.chianca.net
1004136,Poltrona Matrix Onix 434 Veludo Bege,(placeholder),nao,-
1002069,Poltrona Matrix Onix 455 Linho Cinza,(placeholder),nao,-
1002772,Poltrona Matrix Onix 484 Linho Chumbo,1002772.jpg,sim,s9.chianca.net
1002773,Poltrona Matrix Onix 486 Tec Bege Vancouver,1002773.jpg,sim,s9.chianca.net
1003355,Poltrona Matrix Onix Linho Bege 488,1003355.jpg,sim,s9.chianca.net
1001150,Poltrona Slim Bsc,(placeholder),nao,-
1001708,Poltrona Sophia Veludo Imperio,(placeholder),nao,-
80012,Poltrona Tek Slin Cinza Tecudo,(placeholder),nao,-
1003963,Poltrona Tek Slin Ermine 10,(placeholder),nao,-
1002934,Poltrona Tekshine Borboleta,(placeholder),nao,-
1003221,Poltrona Tekshine Capadocia Bege,(placeholder),nao,-
400221,Poltrona Tekshine Capadocia Chinchila,(placeholder),nao,-
1004063,Poltrona Tekshine Capadocia Cinza Paloma 12,(placeholder),nao,-
1003256,Poltrona Tekshine Capadocia Cor Ermine N 10,(placeholder),nao,-
1003227,Poltrona Tekshine Capadocia Marrom,(placeholder),nao,-
1003225,Poltrona Tekshine Slin Bege,(placeholder),nao,-
1003226,Poltrona Tekshine Veludu Slim Pavemont,1003226.jpg,sim,s9.chianca.net
1001664,Puff Cherry Redondo 55X40 (CORES DIVERSAS),1001664.jpg,sim,s9.chianca.net
1661,Puff Combate Tekshine (CORES DIVERSAS),1661.jpg,sim,s9.chianca.net
1004272,Sofa 2 Lugares Mari King Marrom,(placeholder),nao,-
1004233,Sofa 2 e 3 Lugares Mari King Cinza,(placeholder),nao,-
1004232,Sofa 2 e 3 Lugares Marta Velutti Castor,(placeholder),nao,-
1004358,Sofa 2 e 3 Lugares Marta Velutti Cinza,(placeholder),nao,-
1004286,Sofa 2 e 3 Lugares Pilar King Areia,(placeholder),nao,-
1004325,Sofa 2 e 3 Lugares Pilar King Castor,(placeholder),nao,-
1004234,Sofa 2 e 3 Lugares Pilar King Cinza,(placeholder),nao,-
1004276,Sofa 2 e 3 Lugares Pilar Ocre,(placeholder),nao,-
1004249,Sofa 2 e 3 Lugares Pilar Velutti Cafe,(placeholder),nao,-
1004306,Sofa 2 e 3 Lugares Pilar Velutti Chumbo,(placeholder),nao,-
1004304,Sofa 2 e 3 Lugares Ravena Linho Bege,(placeholder),nao,-
1004273,Sofa 3 Lugares Mari King Marrom,(placeholder),nao,-
1002133,Sofa Artflex 3LUG Milao Linho Saturno Cinza 9 000000013032,(placeholder),nao,-
1003177,Sofa Artflex 3LUG Paris Linho Deva Cinza,(placeholder),nao,-
1002101,Sofa Artflex 3LUG Paris Linho Zavatex Cinza,(placeholder),nao,-
1003045,Sofa Artflex 3LUG Roma Ferrara 01,(placeholder),nao,-
1003044,Sofa Artflex 3LUG Roma Linho Deva Creme,(placeholder),nao,-
1002132,Sofa Artflex 3LUG Viena Linho Saturno Creme,(placeholder),nao,-
1002313,Sofa Artflex 3LUG Zavatex Paris Linho Bege,(placeholder),nao,-
1002216,Sofa Artflex RET. 3LUG Ibiza Linho Saturno Cinza,(placeholder),nao,-
1002173,Sofa Artflex Retratil 2LUG Honduras Velute Ni Kki,(placeholder),nao,-
1002172,Sofa Artflex Retratil 3LUG Honduras Velute Ni Kki,(placeholder),nao,-
1002134,Sofa Artflex Retratil 3LUG Ibiza Linho Saturn o Gelo,(placeholder),nao,-
1002578,Sofa Artflex Retratil 3LUG Ibiza Linho Zavate x Marfim,(placeholder),nao,-
1004229,Sofa Barcelona 1.60 Veludo Caramelo,(placeholder),nao,-
1004365,Sofa Barcelona TAM. 1:60 - Veludo Chumbo,(placeholder),nao,-
1004397,Sofa Barcelona TAM. 2:00M - Velutti Cafe,(placeholder),nao,-
7908002498326,Sofa Cama Matrix Amora New Inca Chumbo 425,7908002498326.jpg,sim,s9.chianca.net
7908002497411,Sofa Cama Matrix Amora New Veludo Bege 434,7908002497411.jpg,sim,s9.chianca.net
7908002499347,Sofa Cama Matrix Amora New Veludo Marrom 426,7908002499347.jpg,sim,s9.chianca.net
7908927775717,Sofa Cama Matrix Luma Linho Cinza Claro 483,(placeholder),nao,-
7908927771498,Sofa Cama Matrix Luma Pompeia Bege 504,7908927771498.jpg,sim,s9.chianca.net
1001763,Sofa Celta Veludo Deluxe Bege,(placeholder),nao,-
1642,Sofa Celta Veludo Deluxe Marrom,(placeholder),nao,-
1001745,Sofa Classic 2 Lugares Mercadao Cinza,(placeholder),nao,-
1001746,Sofa Classic 3 Lugares Mercadao Cinza,(placeholder),nao,-
400199,Sofa Classic 3 Lugares Mercadao Marron,(placeholder),nao,-
1002496,Sofa Conceito Londres 1.90 Velluti Cinza,(placeholder),nao,-
1004305,Sofa Dalla S 1.70 Linho Cinza Claro,(placeholder),nao,-
2001109,Sofa Jds California Ret e Recl Cinza V1,(placeholder),nao,-
8002,Sofa Jds Fixo Atenas 1.80 L3 Cafe,(placeholder),nao,-
7009,Sofa Jds Grecia Ret e Recl Bege 1.80,7009.jpg,sim,s9.chianca.net
1003103,Sofa Jds Grecia Ret e Recl Café V5,1003103.jpg,sim,s9.chianca.net
7007,Sofa Jds Grecia Ret e Recl Castor 1.80 V10,7007.jpg,sim,s9.chianca.net
1003104,"Sofa Jds Grecia Ret e Recl Cinza 1,80 V1",1003104.jpg,sim,s9.chianca.net
40095,Sofa Jds Grecia Ret e Recl Preto 1.80,(placeholder),nao,-
8003,Sofa Jds RETRA/RECL Creta 2.10 V1 Caramelo,(placeholder),nao,-
8000,Sofa Jds Ret e Recl Tarcila Caramelo 2.00,(placeholder),nao,-
1003864,"Sofa Kappesberg Malta 2,6M A033 Marrom",(placeholder),nao,-
1003866,"Sofa Kappesberg Malta 2,6M A050 Titanio",(placeholder),nao,-
1003865,Sofa Kappesberg Malta A036 Bege,1003865.jpg,sim,s9.chianca.net
1004096,Sofa Kappesberg Na Caixa,(placeholder),nao,-
1003155,Sofa Kappesberg Versa Veludo Bege,1003155.jpg,sim,s9.chianca.net
1003154,Sofa Kappesberg Versa Veludo Marrom,1003154.jpg,sim,s9.chianca.net
1003156,Sofa Kappesberg Versa Veludo Titanio,(placeholder),nao,-
1003861,Sofa Kappesberg Zyron A033 Marrom,(placeholder),nao,-
1003862,Sofa Kappesberg Zyron A036 Bege,(placeholder),nao,-
1003863,Sofa Kappesberg Zyron A050 Titanio,(placeholder),nao,-
1004401,Sofa Londres - Velutti Bege,(placeholder),nao,-
1001153,Sofa Londres Veludo Ermine,(placeholder),nao,-
1004324,Sofa Mari 2/3 LUG. - Velutti Bege,(placeholder),nao,-
1004360,Sofa Mari 3/2 LUG. - King Areia,(placeholder),nao,-
1004275,Sofa Mari 3/2 LUG. - Velutti Chumbo,1004275.jpg,sim,s9.chianca.net
3924,Sofa Movel PAZ- Cor CHUMBO-175,(placeholder),nao,-
3923,Sofa Movel PAZ- Cor MARROM- 173,(placeholder),nao,-
1003922,Sofa Movel Paz Chocolate 172,(placeholder),nao,-
3921,Sofa Movel Paz Gelo -171,(placeholder),nao,-
7909875301140,Sofa Na Caixa Kappesberg Orion Bege Pavia,(placeholder),nao,-
7909875301133,Sofa Na Caixa Kappesberg Orion Grafiato Marrom A009,7909875301133.jpg,sim,s9.chianca.net
7909875301195,Sofa Na Caixa Kappesberg Orion Linho Fendi A0 51,7909875301195.jpg,sim,s9.chianca.net
1004230,Sofa New Dalla S 2.10 Linho Bege,(placeholder),nao,-
1004399,Sofa New Dalla S TAM. 1:70 - Linho Caramelo,(placeholder),nao,-
1004231,Sofa New Dallas 1.70 Linho,(placeholder),nao,-
1004403,Sofa Noha TAM. 2:10 - Velutti Cafe,(placeholder),nao,-
70026,Sofa Pop Edynho 2 Lugares Bege,(placeholder),nao,-
1003972,Sofa Pop Edynho 2 Lugares Cinza,(placeholder),nao,-
70025,Sofa Pop Edynho 2 Lugares Marron,(placeholder),nao,-
70024,Sofa Pop Edynho 3 Lugares Bege,(placeholder),nao,-
1003595,Sofa Pop Edynho 3 Lugares Cinza,(placeholder),nao,-
70028,Sofa Pop Edynho 3 Lugares Marron,(placeholder),nao,-
1002921,Sofa Prime Belmont Retratil 2M Marrom,(placeholder),nao,-
400115,Sofa Prime Elegance Canto 3X2 Lugares Grafite,(placeholder),nao,-
1002917,Sofa Prime Florenca 2 Lugare Grafite,(placeholder),nao,-
400170,Sofa Prime Florenca 2 Lugare Vermelho,(placeholder),nao,-
1003402,Sofa Prime Florenca 2 Lugares Beg Tec,(placeholder),nao,-
1003403,Sofa Prime Florenca 3 Lugares Bege Tec,1003403.jpg,sim,s9.chianca.net
1002916,Sofa Prime Florenca 3 Lugares Grafite,(placeholder),nao,-
400171,Sofa Prime Florenca 3 Lugares Vermelho,(placeholder),nao,-
1003267,Sofa Prime Portugal 2 Lugares Bege,(placeholder),nao,-
1002919,Sofa Prime Portugal 2 Lugares Cafe,(placeholder),nao,-
400149,Sofa Prime Portugal 2 Lugares Cinza,(placeholder),nao,-
400121,Sofa Prime Portugal 2 Lugares Preto,(placeholder),nao,-
400160,Sofa Prime Portugal 3 Lugares Bege,(placeholder),nao,-
1002915,Sofa Prime Portugal 3 Lugares Cafe,(placeholder),nao,-
400123,Sofa Prime Portugal 3 Lugares Cinza,(placeholder),nao,-
400122,Sofa Prime Portugal 3 Lugares Preto,(placeholder),nao,-
1003344,Sofa Prime Portugal Canto 3X2 Lugares Cinza,(placeholder),nao,-
1004257,Sofa Ravena 3 Lugares Linho Bege Braco Korino,(placeholder),nao,-
1003385,Sofa Retratil 3LUG Ibiza - Linho Zavatex Marfim,(placeholder),nao,-
7890006639662,"Sofa Retratil Reclinavel com 1,80",(placeholder),nao,-
400198,Sofa Rm 1.6 Mts Paris Liso Linho,(placeholder),nao,-
400204,Sofa Rm 2.00 Mts Belga /PARIS,(placeholder),nao,-
400201,Sofa Rm 2.30 Mts Belga (COSTURA)LINHO Bege,(placeholder),nao,-
400176,Sofa Rm 2.30 Mts Belga (COSTURA)SUEDE Bege,(placeholder),nao,-
400177,Sofa Rm 2.30 Mts Belga Costura Suede Joly Cinza Escuro,400177.jpg,sim,s9.chianca.net
400203,Sofa Rm 2.30 Mts Paris (LISO) Suede Cinza,(placeholder),nao,-
400202,Sofa Rm 2.30 Mts Paris (LISO)SUEDE Bege,(placeholder),nao,-
400172,Sofa Rm 2.30 Mts Paris Liso Bege Linho,400172.jpg,sim,s9.chianca.net
400178,Sofa Rm 2.30 Mts Paris Liso Linho Cinza Escur o,400178.jpg,sim,s9.chianca.net
400175,Sofa Rm R .R. 2.30 Mts Belga Costura Linho Cinza Sofa Rm Retratil Reclinavel 2.30 Mts Pillow C,(placeholder),nao,-
7002,"Sofa Tekshine 3 Lugares Chinchila 1,70",(placeholder),nao,-
1002678,"Sofa Tekshine 3 Lugares Vinho 1,70",(placeholder),nao,-
1003600,Sofa Tekshine Capadocia 2.10 Azul,(placeholder),nao,-
1003599,Sofa Tekshine Capadocia 2.10 Branco Gelo,(placeholder),nao,-
1004394,Sofa Tekshine Capadocia 2.10 Chinchila 2,(placeholder),nao,-
1003868,Sofa Tekshine Capadocia 2.10 Cinza Paloma 12,(placeholder),nao,-
1004210,Sofa Tekshine Capadocia 2.10 Ermine,(placeholder),nao,-
1003601,Sofa Tekshine Capadocia 2.10 Marrom Escuro 13,(placeholder),nao,-
1004080,Sofa Tekshine Capadocia 2.10 Pavemont 08,(placeholder),nao,-
1003869,Sofa Tekshine Capadocia 2.10 Safari 1,(placeholder),nao,-
1003229,Sofa Tekshine Capadocia Bege,(placeholder),nao,-
1003746,Sofa Tekshine Capadocia Chinchila 2,1003746.jpg,sim,s9.chianca.net
1003831,Sofa Tekshine Capadocia Cinza Paloma 12,(placeholder),nao,-
1003255,Sofa Tekshine Capadocia Ermine N 10,1003255.jpg,sim,s9.chianca.net
1003303,Sofa Tekshine Capadocia Linho Bege 12,(placeholder),nao,-
1003302,Sofa Tekshine Capadocia Linho Cinza 11,1003302.jpg,sim,s9.chianca.net
1003602,Sofa Tekshine Capadocia Linho Cinza Claro 8,1003602.jpg,sim,s9.chianca.net
1003228,Sofa Tekshine Capadocia Linho Marrom 14,1003228.jpg,sim,s9.chianca.net
1003304,Sofa Tekshine Capadocia Linho Marrom Escuro 1 3,(placeholder),nao,-
1003750,Sofa Tekshine Capadocia Marrom 9,1003750.jpg,sim,s9.chianca.net
1003519,Sofa Tekshine Capadocia Pavemont 08 /1.80,1003519.jpg,sim,s9.chianca.net
1003456,Sofa Tekshine Capadocia Pavemont 08 Cinza,1003456.jpg,sim,s9.chianca.net
1003497,Sofa Tekshine Capadocia Preto 11,(placeholder),nao,-
1003751,Sofa Tekshine Capadocia Safari 1,1003751.jpg,sim,s9.chianca.net
80016,Sofa Tekshine Capadocia Sue Paloma 12,(placeholder),nao,-
1003711,Sofa Tekshine RET. Veludinho com Almofadas Chinchila 2,1003711.jpg,sim,s9.chianca.net
1003968,Sofa Tekshine RET. Veludinho com Almofadas Cinza Paloma Cor,(placeholder),nao,-
1003272,Sofa Tekshine RET. Veludinho com Almofadas Ermine 10 Xx,1003272.jpg,sim,s9.chianca.net
1003273,Sofa Tekshine RET. Veludinho com Almofadas Marrom 9,1003273.jpg,sim,s9.chianca.net
1003271,Sofa Tekshine RET. Veludinho com Almofadas Pavemont 8,1003271.jpg,sim,s9.chianca.net
1003274,Sofa Tekshine RET. Veludinho com Almofadas Safari 1,1003274.jpg,sim,s9.chianca.net
600198,Sofa Tekshine RET. Veludinho com Almofadas Tobacco 5,(placeholder),nao,-
1003930,Sofa Tekshine Retratil e Reclinavel 2.00 Chin Cila 2,(placeholder),nao,-
1003870,Sofa Tekshine Retratil e Reclinavel 2.00 Cinza Paloma 12,(placeholder),nao,-
1003927,Sofa Tekshine Retratil e Reclinavel 2.00 Ermine 10,(placeholder),nao,-
1003928,Sofa Tekshine Retratil e Reclinavel 2.00 Marrom 9,(placeholder),nao,-
1003969,Sofa Tekshine Retratil e Reclinavel 2.00 Safari 1,(placeholder),nao,-
1003283,Sofa Tekshine Super Cine Veludinho Pop Ermine 10,(placeholder),nao,-
1003285,Sofa Tekshine Super Cine Veludinho Pop Pavemont 8,(placeholder),nao,-
1003925,"Sofa Tekshine Top 2 Lugares Cinza Paloma 12 1,40",(placeholder),nao,-
1003784,"Sofa Tekshine Top 2 Lugares Ermine 1,40",1003784.jpg,sim,s9.chianca.net
1002677,"Sofa Tekshine Top 2 Lugares Linho Bege 1,40",(placeholder),nao,-
1003783,"Sofa Tekshine Top 2 Lugares Marrom 1,40",1003783.jpg,sim,s9.chianca.net
1002035,"Sofa Tekshine Top 2 Lugares Pavemont 1,40",(placeholder),nao,-
40093,"Sofa Tekshine Top 2 Lugares Preto 1,40",(placeholder),nao,-
1003799,"Sofa Tekshine Top 2 Lugares Safari 1,40",(placeholder),nao,-
70019,"Sofa Tekshine Top 2 Lugares Vermelho 1,40",(placeholder),nao,-
1002139,"Sofa Tekshine Top 2 Lugares Vinho 1,40",(placeholder),nao,-
1003157,"Sofa Tekshine Top 3 Lugares Chinchila 1,70",(placeholder),nao,-
7005,"Sofa Tekshine Top 3 Lugares Cinza 1,70",(placeholder),nao,-
1002676,"Sofa Tekshine Top 3 Lugares Linho Bege 1,70",(placeholder),nao,-
70017,"Sofa Tekshine Top 3 Lugares Linho Preto 1,70",(placeholder),nao,-
1002138,"Sofa Tekshine Top 3 Lugares Marrom 1,60",1002138.jpg,sim,s9.chianca.net
1002034,"Sofa Tekshine Top 3 Lugares Pavemont 1,60",(placeholder),nao,-
1003782,"Sofa Tekshine Top 3 Lugares Safari 1,70",1003782.jpg,sim,s9.chianca.net
1003222,"Sofa Tekshine Veludo 2,10 Pavemont",(placeholder),nao,-
7890006820183,Sofa Tekshine Villagem 2 Lugares com Almofada S Paloma,(placeholder),nao,-
7890006820190,Sofa Tekshine Villagem 2 Lugares com Almofada S Pavemont,(placeholder),nao,-
7890006820206,Sofa Tekshine Villagem 3 Lugares com Almofada S Chichila,(placeholder),nao,-
7890006820213,Sofa Tekshine Villagem 3 Lugares com Almofada S Paloma,(placeholder),nao,-
7890006820237,Sofa Tekshine Villagem 3 Lugares com Almofada S Pavemont,(placeholder),nao,-
1003149,"Sofa Tiago Roma 2,10 Veludo",(placeholder),nao,-
2003000000009,Sofa Top 2 Lugares,(placeholder),nao,-
1004400,Sofa Tri Miami TAM. 2:90 - Velutti Cinza Clar o,(placeholder),nao,-
400118,Sofa Village Campina 3 Lugares Grafite,(placeholder),nao,-
1001772,Sofa Village Edynho 2 Lugares Marrom Escuro,(placeholder),nao,-
1003178,Sofa Village Edynho 3 Lugares Marrom,(placeholder),nao,-
1004398,Sofa de Canto Marta - Veludo Chumbo,(placeholder),nao,-
100660,Sofá Top 3 Lugares,(placeholder),nao,-
1003268,Cadeira Camboinha Branca Plastico Xx,(placeholder),nao,-
1003740,Cadeira Camboinha Preta Plastico Uu,1003740.jpg,sim,s9.chianca.net
60067,Cadeira Jm Paradinha Na Fita,(placeholder),nao,-
60072,Cadeira Mullti de Balanco Naja 04 Molas Fibra Marrom,60072.jpg,sim,s9.chianca.net
4012,Cadeira Poltrona Tambau Preta,4012.jpg,sim,s9.chianca.net
7898619581927,Cadeira Tabatinga Preta,(placeholder),nao,-
600197,Cadeira de Balanco Jm 4 MOLAS(CORES DIVERSAS),(placeholder),nao,-
60056,Cadeira de Balanco Jm 4 Molas Marrom Claro,60056.jpg,sim,s9.chianca.net
60051,Cadeira de Balanco Jm 4 Molas Marrom Escuro,60051.jpg,sim,s9.chianca.net
1004236,Cadeira de Praia Reclinavel,(placeholder),nao,-
100489,Cadeira de Pvc,(placeholder),nao,-
1001755,Complemento de Frete,(placeholder),nao,-
100821,Conjunto Terraco Ferrit Matera Ratan,(placeholder),nao,-
60073,Conjunto de Varanda Mullti Jade Fibra Marrom Escuro,60073.jpg,sim,s9.chianca.net
60074,Conjunto de Varanda Mullti Jade Fibra Mesclad o,60074.jpg,sim,s9.chianca.net
60057,Jogo Varanda Jm Sofia Marrom Claro,60057.jpg,sim,s9.chianca.net
60052,Jogo Varanda Jm Sofia Marrom Escuro,60052.jpg,sim,s9.chianca.net
1004054,Jogo Varanda Jm Sofia Mesclado,(placeholder),nao,-
1002026,Mesa Cabo Branca Plastico Xx,(placeholder),nao,-
1003741,Mesa Cabo Preta Plastico Uu,1003741.jpg,sim,s9.chianca.net
1004160,Mesa de Plastico com 4 Cadeiras,(placeholder),nao,-
1004131,Mesa de Reuniao,(placeholder),nao,-
643,Anti Reflux Bipartido Theva,(placeholder),nao,-
1001323,Flocos,(placeholder),nao,-
7898756060163,Kit Travesseiro Hedrons Body Pillow 40X130M Branco,(placeholder),nao,-
1868,Protetor Colc Altenburg Impermeável Queen 158 x 198X40,1868.jpg,sim,s9.chianca.net
1002965,Protetor Colchao Altenburg Casal Malha Slim Branco 140X190X40C,1002965.jpg,sim,s9.chianca.net
1002243,"Protetor Colchao Altenburg Impermeável King 1,93M x 2,0 3M x 50CM",(placeholder),nao,-
1866,Protetor Colchao Altenburg Impermeável Solt 088 x 188X4 0,(placeholder),nao,-
1002983,"Protetor Colchao Altenburg Malha Slim King 1,93M x 2,03M x 40C",(placeholder),nao,-
1002966,Protetor Colchao Altenburg Queen Malha Slim Branco 160X200X40C,1002966.jpg,sim,s9.chianca.net
1002964,Protetor Colchao Altenburg Solt Malha Slim Branco 90X190 X40CM,1002964.jpg,sim,s9.chianca.net
7898756062167,Protetor Colchao Hedrons Casal Impermeável 138X188X35cm,(placeholder),nao,-
7898756062259,Protetor Colchao Hedrons Queen Impermeável 158X198X35cm,(placeholder),nao,-
7898756062150,Protetor Colchao Hedrons Solteiro Impermeável 88X188X30 Cm,(placeholder),nao,-
1311,Protetor Colchao Kacyumara Algodão Impermeável Casal,1311.jpg,sim,s9.chianca.net
1609,Protetor Colchao Kacyumara Algodão Impermeável King,(placeholder),nao,-
1312,Protetor Colchao Kacyumara Algodão Impermeável Queen,(placeholder),nao,-
1310,Protetor Colchao Kacyumara Algodão Impermeável Solteiro,(placeholder),nao,-
100744,Protetor Colchao Lunna Slip Pvc Casal,(placeholder),nao,-
100743,Protetor Colchao Lunna Slip Pvc Solteiro,(placeholder),nao,-
686,"Protetor Soft Colchao Queem 2,35 x 2,75",(placeholder),nao,-
18,Protetor Soft Colchao Solteiro 88X,(placeholder),nao,-
20057,"Protetor Soft Colchão Casal 1,90 x 2,40",(placeholder),nao,-
17,Protetor Soft Colchão King Size,(placeholder),nao,-
1002393,"Protetor Soft Solteirão 88 x 1.45 - 2,50",(placeholder),nao,-
1002005,Protetor Travesseiro Altenburg Malha Slim 50CM x 70CM- Branco,1002005.jpg,sim,s9.chianca.net
1003445,Protetor Travesseiro Hedrons Impermeavel 50X70CM Branco,1003445.jpg,sim,s9.chianca.net
1003851,Protetor de Colchao Impermeavel Solteiro 88X1 88X30CM Edred,(placeholder),nao,-
1472,Rolo para Cabeceira Diam 135X20,(placeholder),nao,-
1473,Rolo para Cabeceira Diam 155X20CM,(placeholder),nao,-
100422,Saia Dohler P Cama AM-3377 Liso 36CM + Tamp a M 3378 .88X M,(placeholder),nao,-
1002345,Suave Encosto Ortobom Sleep 05500X0400X0400,1002345.jpg,sim,s9.chianca.net
1001709,Suave Encosto Tekshine Padrao 65CMX37CMX36CM,1001709.jpg,sim,s9.chianca.net
1002723,TRAV.TEKSHINE Fofinho Uu,1002723.jpg,sim,s9.chianca.net
1002569,TRAV.TEKSHINE Nasa Sonos Visco Light 50 CMX70 Cm,(placeholder),nao,-
642,TRAV.TOQUE de Pluma 50X70,(placeholder),nao,-
1946,Travesseiro ANTI-REFLUXO Visco Elastico,(placeholder),nao,-
1512,Travesseiro Altenburg Antistress 50CM x 70CM - Branco,1512.jpg,sim,s9.chianca.net
1518,"Travesseiro Altenburg Body Pillow Microfibra 40CM x 1,30M- sem Fr",1518.jpg,sim,s9.chianca.net
1002968,Travesseiro Altenburg Breeze Branco 50CM x 70CM,(placeholder),nao,-
1511,Travesseiro Altenburg Fresh Ice - Azul Fresh ICE48C M x 70CM,(placeholder),nao,-
1002659,Travesseiro Altenburg Gelatto - Turquesa 48CM x 70C M,1002659.jpg,sim,s9.chianca.net
40026,Travesseiro Altenburg Levitare 50X70,(placeholder),nao,-
896,Travesseiro Altenburg Liberty 50X90,(placeholder),nao,-
1649,Travesseiro Altenburg Percal 180 Fios - 100 Anos - Branco 50CM x,1649.jpg,sim,s9.chianca.net
1002190,Travesseiro Altenburg Sensacao Latex - Marfim 48CM x 68CM,1002190.jpg,sim,s9.chianca.net
1003722,Travesseiro Altenburg Suporte Extra Firme 145 Fios - Branco 50CM,1003722.jpg,sim,s9.chianca.net
1658,Travesseiro Altenburg Toque Aveludado - 100 Anos - Branco,1658.jpg,sim,s9.chianca.net
1003723,Travesseiro Altenburg Toque de Seda Dueto - Branco 50CMX70CM,1003723.jpg,sim,s9.chianca.net
1002093,Travesseiro Altenburg Visco Elast Nasa Marfim 46CM x 66CM,1002093.jpg,sim,s9.chianca.net
1002967,Travesseiro Altenburg Viscoelastico Cervical - Marfim 48CM x 68C,(placeholder),nao,-
100369,Travesseiro Anflex Fibra 45X65CM,(placeholder),nao,-
1004256,Travesseiro Belmont,(placeholder),nao,-
40073,Travesseiro Fibrasca Cervical 50X70,(placeholder),nao,-
1003022,Travesseiro Fibrasca Dupla Escolha 40X60X14,(placeholder),nao,-
40072,Travesseiro Fibrasca Nasa Marshmallow,(placeholder),nao,-
1003025,Travesseiro Fibrasca Nasa Natural Alto 40X60X15,(placeholder),nao,-
1003023,Travesseiro Fibrasca Nasa Super Flor de Algodao 40X 60X14,(placeholder),nao,-
1001956,Travesseiro Fibrasca Plumax Percal 50X70,(placeholder),nao,-
1001957,Travesseiro Fibrasca Saude e Conforto Fibra 50X70CM Pe,1001957.jpg,sim,s9.chianca.net
1003024,Travesseiro Fibrasca Thermo Comfort Fibra 50X70,(placeholder),nao,-
7898756063461,Travesseiro Hedron Bambu 50X70cm Branco,(placeholder),nao,-
7898756060088,Travesseiro Hedron Colorido 50X70cm Ld,(placeholder),nao,-
7898756063454,Travesseiro Hedron Maxxi Fresh 50X70cm,(placeholder),nao,-
1002891,Travesseiro Hedrons Antistress 50X70CM Branco,(placeholder),nao,-
7898756063201,Travesseiro Hedrons Disney Minnie Fresh 45X65CM,(placeholder),nao,-
7898756063249,Travesseiro Hedrons Disney Spider Ultimato 45X65CM,(placeholder),nao,-
7898756063225,Travesseiro Hedrons Disney Stitch Nope 45X65CM,(placeholder),nao,-
1002892,Travesseiro Hedrons Elite - 50CM x 70CM Branco,(placeholder),nao,-
1003596,Travesseiro Hedrons Geracao Saude 50X70cm Branco,1003596.jpg,sim,s9.chianca.net
3983,Travesseiro Hedrons Matelassado Branco 48X68cm,(placeholder),nao,-
1002886,Travesseiro Hedrons Matelassado Suporte Medio 50X70 Cm,(placeholder),nao,-
1003597,Travesseiro Hedrons Noblesse 50X70cm Branco,1003597.jpg,sim,s9.chianca.net
1002887,Travesseiro Hedrons Piumino 50X70CM Fibra Silicnz,(placeholder),nao,-
1003099,Travesseiro Hedrons Suave 50X70CM Branco Uu,1003099.jpg,sim,s9.chianca.net
1676,Travesseiro Lynel Techpillow 50cm x 70cm 00,(placeholder),nao,-
1002629,Travesseiro Ortobom Conforto Anatomico,1002629.jpg,sim,s9.chianca.net
1002247,Travesseiro Pop,(placeholder),nao,-
60023,Travesseiro Reconflex Gel Fresh Nasa para Fronha,(placeholder),nao,-
1001538,Travesseiro Reconflex Visco Cervical Nasa Firme Par a Fronha 45X6,(placeholder),nao,-
1001845,Travesseiro Sonos Nasa 50X70 Vico Face 14CM,(placeholder),nao,-
1002962,Travesseiro Tekshine ANTI- Refluxo Gigante 70X90X13,1002962.jpg,sim,s9.chianca.net
1001814,Travesseiro Tekshine Cervical Anatomico 11CMX61CMX4 0CM,(placeholder),nao,-
1002670,Travesseiro Tekshine Meia Lua Grande Fibra,1002670.jpg,sim,s9.chianca.net
1002671,Travesseiro Tekshine Meia Lua Medio Fibra,(placeholder),nao,-
1001816,Travesseiro Tekshine Nasa Max 50X70CM,(placeholder),nao,-
1001815,Travesseiro Tekshine Relax Ondulado 50CM x 70CM,1001815.jpg,sim,s9.chianca.net
1002568,Travesseiro Tekshine Visco Elastico Nasa 50XCMX70CM x,(placeholder),nao,-
